book_ID,name,publisher
1,Sport McMillan,McMillan
2,Biology McMillan,McMillan
3,Chemistry McMillan,McMillan
4,Geography McMillan,McMillan
5,Physics McMillan,McMillan
6,Mathematics McMillan,McMillan
7,English McMillan,McMillan
8,Polish McMillan,McMillan
9,History McMillan,McMillan
10,Informatics McMillan,McMillan
11,Sport McGregor,McGregor
12,Biology McGregor,McGregor
13,Chemistry McGregor,McGregor
14,Geography McGregor,McGregor
15,Physics McGregor,McGregor
16,Mathematics McGregor,McGregor
17,English McGregor,McGregor
18,Polish McGregor,McGregor
19,History McGregor,McGregor
20,Informatics McGregor,McGregor
21,Sport Pearson,Pearson
22,Biology Pearson,Pearson
23,Chemistry Pearson,Pearson
24,Geography Pearson,Pearson
25,Physics Pearson,Pearson
26,Mathematics Pearson,Pearson
27,English Pearson,Pearson
28,Polish Pearson,Pearson
29,History Pearson,Pearson
30,Informatics Pearson,Pearson
31,Sport WSIP,WSIP
32,Biology WSIP,WSIP
33,Chemistry WSIP,WSIP
34,Geography WSIP,WSIP
35,Physics WSIP,WSIP
36,Mathematics WSIP,WSIP
37,English WSIP,WSIP
38,Polish WSIP,WSIP
39,History WSIP,WSIP
40,Informatics WSIP,WSIP
41,Sport GWO,GWO
42,Biology GWO,GWO
43,Chemistry GWO,GWO
44,Geography GWO,GWO
45,Physics GWO,GWO
46,Mathematics GWO,GWO
47,English GWO,GWO
48,Polish GWO,GWO
49,History GWO,GWO
50,Informatics GWO,GWO
