student_ID,name,surname,class_ID
1,Pamela,Rodriguez,1
2,Billy,Fowler,1
3,Lisa,Fritz,1
4,Christina,Brooks,1
5,Jessica,Weber,1
6,Ryan,Ramirez,1
7,Bradley,Reynolds,1
8,Angel,Thompson,1
9,Kenneth,Fuller,1
10,Richard,Austin,1
11,Alicia,Lowery,1
12,Kelly,Strickland,1
13,Amy,White,1
14,Cristian,Hernandez,1
15,Nathan,Mcconnell,1
16,Kathleen,Jacobs,1
17,Scott,White,1
18,Jimmy,Gallagher,1
19,Heidi,Williams,1
20,Elizabeth,Simon,1
21,Donna,Zavala,1
22,Amy,King,1
23,Max,Juarez,1
24,Jennifer,Wolfe,1
25,Scott,Vasquez,1
26,Cody,Powell,1
27,Rebecca,Brooks,1
28,William,Russell,1
29,Jeremy,Robinson,1
30,Darlene,Davis,1
31,James,Martin,2
32,Melinda,Bates,2
33,Matthew,Branch,2
34,Destiny,Cortez,2
35,Margaret,Torres,2
36,Patrick,Gonzalez,2
37,Timothy,Holmes,2
38,Hannah,Frank,2
39,Allen,Novak,2
40,Lauren,Lee,2
41,Keith,Cox,2
42,Tina,Joseph,2
43,Lindsey,Drake,2
44,Melissa,Haley,2
45,Angel,Saunders,2
46,Patricia,Villa,2
47,Jill,Wilson,2
48,Valerie,Bradley,2
49,Michelle,Adams,2
50,Renee,Crawford,2
51,Robert,Price,2
52,Christine,Hill,2
53,Nicholas,Suarez,2
54,Charles,Smith,2
55,Jonathan,Wilson,2
56,Derrick,Schneider,2
57,Stephanie,Erickson,2
58,Ashley,Henderson,2
59,David,Payne,2
60,Heather,Evans,2
61,Kristin,Rosario,3
62,Joshua,Gordon,3
63,Kimberly,Snyder,3
64,Dennis,Hood,3
65,Bonnie,Spencer,3
66,Bridget,Palmer,3
67,Elizabeth,Bird,3
68,Craig,Dalton,3
69,Elizabeth,Silva,3
70,Roberto,Chambers,3
71,Eric,English,3
72,Mary,Stewart,3
73,Katherine,Kelly,3
74,David,Delgado,3
75,David,Carter,3
76,Gabrielle,Young,3
77,Daniel,Davis,3
78,James,Johnson,3
79,Jeremy,Nelson,3
80,Samantha,Reed,3
81,Brian,Jones,3
82,Tyler,Webb,3
83,Debra,Morris,3
84,Patrick,Arnold,3
85,Olivia,Ball,3
86,Laura,Finley,3
87,Edward,Wilson,3
88,Laura,Adams,3
89,Lisa,Long,3
90,Sarah,Bennett,3
91,Isabel,Crawford,4
92,Karen,Carpenter,4
93,Christina,Greene,4
94,Cody,Foster,4
95,Jacqueline,Curry,4
96,Evelyn,Moreno,4
97,David,Brown,4
98,Michael,Mills,4
99,Sandra,Wells,4
100,Rachel,Pace,4
101,Andrew,Beck,4
102,Jacob,Oliver,4
103,Pamela,Rangel,4
104,Dawn,Nelson,4
105,Amanda,Mathis,4
106,Luis,Bowen,4
107,Joseph,Carrillo,4
108,Robert,Wheeler,4
109,Lindsey,Bailey,4
110,Kimberly,Hughes,4
111,Michael,Hurst,4
112,Ryan,Osborne,4
113,Sara,Delacruz,4
114,Jamie,Martin,4
115,Patricia,Newton,4
116,Kenneth,Smith,4
117,Olivia,Johnson,4
118,John,Nunez,4
119,Monique,Palmer,4
120,Angela,Miller,4
121,Michael,Fowler,5
122,Kim,Palmer,5
123,Jeffrey,Rodgers,5
124,Brett,Brown,5
125,George,Marquez,5
126,Kimberly,Durham,5
127,Ashley,Gonzalez,5
128,Laura,Townsend,5
129,Wendy,Swanson,5
130,Ryan,Shaffer,5
131,Rhonda,Landry,5
132,Troy,Davis,5
133,Melanie,Stuart,5
134,Travis,Nolan,5
135,Daniel,Day,5
136,Christine,Page,5
137,Lori,Blevins,5
138,Susan,Butler,5
139,Denise,Hicks,5
140,Nicholas,Molina,5
141,Samuel,White,5
142,Matthew,Gibson,5
143,Madeline,Dillon,5
144,Justin,Turner,5
145,Alicia,Harrison,5
146,Lisa,Rodriguez,5
147,Bryan,Davila,5
148,Heather,Brooks,5
149,Dawn,Johnson,5
150,Henry,Robbins,5
151,Tyler,Howell,6
152,Richard,Kelly,6
153,Jennifer,Garcia,6
154,Molly,Stewart,6
155,Karen,Wyatt,6
156,Kenneth,Sheppard,6
157,Jennifer,Rodgers,6
158,Christopher,Lyons,6
159,David,Scott,6
160,Mary,Johnson,6
161,Jacqueline,Kim,6
162,Jonathan,Diaz,6
163,Jimmy,Douglas,6
164,Monica,Mcmahon,6
165,Vincent,Mann,6
166,Edgar,Johnson,6
167,Johnny,Maynard,6
168,Allen,Rojas,6
169,Eric,Bishop,6
170,Nancy,Lyons,6
171,Kevin,Sanchez,6
172,Jesse,Mccormick,6
173,Austin,Woods,6
174,Cameron,Jones,6
175,Laura,Lewis,6
176,Robert,Green,6
177,Sarah,Hansen,6
178,Anna,Johnson,6
179,Mark,Gardner,6
180,Timothy,Harrington,6
181,Tammy,Davis,7
182,Sandra,Jones,7
183,Joseph,Ramirez,7
184,Phillip,Moore,7
185,Stephanie,Shepherd,7
186,Stephanie,Price,7
187,Amber,Randolph,7
188,Lynn,Harris,7
189,Andre,Randall,7
190,Keith,Herman,7
191,Antonio,Hall,7
192,Phillip,Rodriguez,7
193,Elizabeth,Oliver,7
194,Tracy,Clark,7
195,Kenneth,Kramer,7
196,Joseph,Chandler,7
197,Aaron,Hayes,7
198,Kimberly,Watts,7
199,Bruce,Mccormick,7
200,Kevin,Davidson,7
201,Riley,Kidd,7
202,Christine,Moore,7
203,Mark,Clark,7
204,Joel,Hicks,7
205,Eric,Mcdonald,7
206,Megan,Young,7
207,Patrick,Mccoy,7
208,Lauren,Rogers,7
209,Ashley,Curtis,7
210,Yvonne,Miller,7
211,Rebekah,Nelson,8
212,Regina,Edwards,8
213,Michael,Meyers,8
214,Luke,Collins,8
215,Karen,Olsen,8
216,Catherine,Ramos,8
217,Nicole,Richardson,8
218,Kenneth,Phillips,8
219,Ryan,Williams,8
220,Herbert,Walker,8
221,Susan,Strickland,8
222,Dillon,Porter,8
223,Erica,Hester,8
224,Jose,Ross,8
225,Troy,Patterson,8
226,Kelsey,Berry,8
227,Xavier,Mckinney,8
228,Tina,Montgomery,8
229,Virginia,Thomas,8
230,Katie,Morgan,8
231,Michael,Miller,8
232,Edward,Simpson,8
233,Elaine,Chapman,8
234,Stephen,Burnett,8
235,William,Ritter,8
236,Troy,Silva,8
237,Emily,Mcgee,8
238,April,Barnes,8
239,Jonathan,Jackson,8
240,Aaron,Newton,8
241,Jason,King,9
242,Stephanie,Gonzalez,9
243,Corey,Garcia,9
244,Chad,Lawrence,9
245,Christine,Grant,9
246,Eric,Johnson,9
247,Darren,Odonnell,9
248,Lori,Carney,9
249,Tiffany,Moreno,9
250,Scott,Newton,9
251,Samuel,Ellis,9
252,Steven,Stevenson,9
253,Jesse,Johnson,9
254,Lisa,Newton,9
255,Justin,Castaneda,9
256,Robert,Marshall,9
257,Anthony,Vaughn,9
258,William,Mccall,9
259,Adam,Holland,9
260,Jennifer,Black,9
261,Erica,Jimenez,9
262,Holly,Martinez,9
263,Melissa,Hernandez,9
264,Veronica,Frye,9
265,Andrea,Thomas,9
266,Traci,Garrett,9
267,Jennifer,Morris,9
268,Jacob,Martinez,9
269,Derek,Craig,9
270,Harold,Day,9
271,Cassidy,Arellano,10
272,Crystal,Meyer,10
273,Jennifer,Rosario,10
274,Jeffrey,Davis,10
275,Jesse,Stanton,10
276,Kathryn,Chavez,10
277,Aimee,Parker,10
278,Andrew,Smith,10
279,Amber,Jones,10
280,Bradley,Powers,10
281,Michael,Davis,10
282,Katrina,Bishop,10
283,William,Stephens,10
284,Brian,Payne,10
285,William,Marquez,10
286,Stacey,Hicks,10
287,Jacob,Vang,10
288,Michael,Jacobson,10
289,Anthony,Li,10
290,Heather,Harris,10
291,Kevin,Krause,10
292,Jeffery,Turner,10
293,Vanessa,Livingston,10
294,Samuel,Fernandez,10
295,Michelle,Wiggins,10
296,Mason,Hall,10
297,William,Chavez,10
298,Michelle,Anderson,10
299,Heather,Davis,10
300,Tina,Dudley,10
301,Vickie,Brown,11
302,Allison,Hughes,11
303,Kathryn,Kelley,11
304,Taylor,James,11
305,Nicole,Torres,11
306,Kimberly,Munoz,11
307,Michelle,Murphy,11
308,Erika,Escobar,11
309,Ricardo,Howe,11
310,Blake,Doyle,11
311,Patricia,Hinton,11
312,Robert,Howard,11
313,Kathryn,Fuller,11
314,Jason,Harris,11
315,Caleb,Brown,11
316,Sherry,Coleman,11
317,Casey,Snyder,11
318,Joseph,Carter,11
319,James,Welch,11
320,John,Jones,11
321,Pamela,Ritter,11
322,Sarah,Bryan,11
323,Mark,Owens,11
324,Jamie,Reese,11
325,Derrick,Cole,11
326,Elizabeth,Gates,11
327,Anna,Fisher,11
328,Diana,Baker,11
329,Isabel,Stafford,11
330,Mark,Kirk,11
331,Diana,Moore,12
332,Kelli,Miller,12
333,James,Schwartz,12
334,Erin,Ramirez,12
335,Amy,Johnson,12
336,Elizabeth,Nichols,12
337,Blake,Obrien,12
338,Danielle,Gomez,12
339,Jose,Martinez,12
340,Walter,Robertson,12
341,Marcus,Knight,12
342,John,Garza,12
343,Renee,Young,12
344,Victoria,Marquez,12
345,Elizabeth,Yang,12
346,Elizabeth,Kelly,12
347,Stephanie,Martin,12
348,Kaitlyn,Ward,12
349,Kimberly,Garcia,12
350,Theresa,Edwards,12
351,James,Garrett,12
352,Cathy,Clark,12
353,Jessica,Brown,12
354,Michael,Jacobson,12
355,Willie,Lewis,12
356,Michelle,Richmond,12
357,Courtney,Fischer,12
358,Jillian,Wright,12
359,James,Becker,12
360,Jennifer,Riley,12
361,James,Hurst,13
362,Nicholas,Morris,13
363,Suzanne,Brown,13
364,Kelsey,Holland,13
365,Jessica,Silva,13
366,Ernest,Mccarthy,13
367,Theresa,Shelton,13
368,Christy,Ewing,13
369,Cindy,Collins,13
370,Ashley,Frye,13
371,Karen,Wyatt,13
372,Terri,Lucas,13
373,Russell,Valdez,13
374,John,Mccann,13
375,Edward,Phillips,13
376,Cameron,Mcintyre,13
377,Darren,Miller,13
378,Jennifer,Robinson,13
379,Kyle,King,13
380,Heather,Fuller,13
381,Tiffany,Williams,13
382,Jim,Barnes,13
383,Michelle,Aguilar,13
384,Francisco,Holloway,13
385,Shawn,Yoder,13
386,Caleb,Mcneil,13
387,Adrian,Cross,13
388,Daniel,Hendrix,13
389,Tanya,Harris,13
390,Craig,Morris,13
391,Christopher,Wong,14
392,Michael,Hunter,14
393,Joseph,Espinoza,14
394,Andrew,Smith,14
395,Teresa,Dodson,14
396,Kimberly,Wade,14
397,Anna,Price,14
398,Tina,Franco,14
399,Zachary,Holmes,14
400,Jonathan,Jones,14
401,Rachel,Smith,14
402,Heather,Turner,14
403,Julie,Cisneros,14
404,Martin,Curtis,14
405,Jennifer,Burgess,14
406,Lauren,Hinton,14
407,Nicole,Torres,14
408,Jill,Decker,14
409,Savannah,Gutierrez,14
410,John,Fischer,14
411,Joseph,Wells,14
412,Christian,Fitzpatrick,14
413,Katherine,Smith,14
414,Scott,Sparks,14
415,Michael,Hernandez,14
416,Morgan,Thompson,14
417,William,Rodriguez,14
418,Jonathan,Henderson,14
419,Justin,Stout,14
420,Toni,Harmon,14
421,Jasmine,Dickson,15
422,Timothy,Michael,15
423,Sara,Oliver,15
424,Danielle,Walters,15
425,Kevin,Conner,15
426,Melissa,Sandoval,15
427,Nicole,Sanchez,15
428,Juan,Warner,15
429,Emily,Mitchell,15
430,Erica,Bell,15
431,Benjamin,Cook,15
432,Gregory,Duran,15
433,Jerry,Daniels,15
434,Tyrone,White,15
435,Lisa,Young,15
436,Brenda,Burnett,15
437,Larry,Hunter,15
438,Kathryn,Castro,15
439,Michael,Taylor,15
440,Barbara,Tran,15
441,Monica,Carroll,15
442,Jesse,Brown,15
443,Gregory,Parks,15
444,Jason,Hayes,15
445,Nathan,Underwood,15
446,Madison,Copeland,15
447,Heather,Mays,15
448,Anne,Hickman,15
449,Regina,Drake,15
450,Michael,Chambers,15
451,Madison,Doyle,16
452,Virginia,King,16
453,Katie,Robinson,16
454,Luis,Bush,16
455,Tami,Morales,16
456,Danielle,Lee,16
457,Colleen,Lopez,16
458,Erica,Hanson,16
459,Sheila,Mcdonald,16
460,Christopher,Montgomery,16
461,Tamara,Melendez,16
462,William,Robertson,16
463,Erin,Warren,16
464,Tyler,Serrano,16
465,Daniel,Burnett,16
466,Samantha,Mitchell,16
467,Steven,Fry,16
468,Toni,Perry,16
469,Sandra,Scott,16
470,Gregory,Prince,16
471,Daniel,Howard,16
472,Barbara,Hawkins,16
473,Bryan,Hill,16
474,Anthony,Mclean,16
475,Gerald,Harris,16
476,Kevin,Burch,16
477,Lori,Ruiz,16
478,Alexandra,Strong,16
479,Kristi,Duncan,16
480,Travis,Gordon,16
481,Susan,Campos,17
482,James,Coleman,17
483,James,Miller,17
484,Jimmy,Rogers,17
485,Natalie,Brown,17
486,Jennifer,Griffin,17
487,Amanda,Campbell,17
488,Annette,Cox,17
489,Katherine,Gardner,17
490,Hector,Haynes,17
491,Meagan,Becker,17
492,Scott,Fields,17
493,Abigail,Lopez,17
494,Angela,Butler,17
495,Donna,Brown,17
496,Anthony,Wilkerson,17
497,Joshua,Morrow,17
498,Robert,Miller,17
499,Dennis,Cline,17
500,Emily,Le,17
501,Donna,Cole,17
502,Kathryn,Morgan,17
503,Brett,Chapman,17
504,Troy,Salazar,17
505,Sharon,Ryan,17
506,April,Lopez,17
507,Frances,Carroll,17
508,Jason,Evans,17
509,Kristen,Jones,17
510,Matthew,Glenn,17
511,Ashley,Payne,18
512,Rhonda,Ramos,18
513,Claudia,Norris,18
514,Renee,Johnson,18
515,Matthew,Morris,18
516,Sandra,Pratt,18
517,Gerald,Guzman,18
518,Matthew,Randall,18
519,Jasmine,Erickson,18
520,Stephen,Vargas,18
521,Michelle,Goodman,18
522,Nathaniel,Stewart,18
523,Michelle,Porter,18
524,Allison,Sanchez,18
525,Daniel,Mcintyre,18
526,David,Conrad,18
527,Patricia,Obrien,18
528,Nicole,Landry,18
529,Joseph,Davis,18
530,Jody,Perez,18
531,Kelly,Thomas,18
532,Richard,Carey,18
533,Daniel,Clark,18
534,Christopher,Mueller,18
535,Kristy,Oneal,18
536,Robert,Bradford,18
537,Pamela,Thomas,18
538,Lisa,Patrick,18
539,Laura,Rodriguez,18
540,Jessica,Clay,18
541,Matthew,Oconnell,19
542,Robert,Washington,19
543,Tim,Fuentes,19
544,James,Le,19
545,Tonya,Lopez,19
546,David,Williams,19
547,Lance,Jackson,19
548,Austin,Ray,19
549,Jonathan,Gonzalez,19
550,William,Santos,19
551,Adam,Harrell,19
552,Julie,Kelley,19
553,Lori,Jones,19
554,John,Greene,19
555,Johnny,Robertson,19
556,Amanda,Bruce,19
557,Deanna,Cooper,19
558,Cody,Cobb,19
559,Kristi,Meyer,19
560,Kelly,Washington,19
561,Douglas,Mclean,19
562,Samantha,Byrd,19
563,Anna,Adams,19
564,Jon,Brown,19
565,Jason,Baxter,19
566,Bryan,Anderson,19
567,Renee,Bell,19
568,Joseph,Taylor,19
569,Jason,Alexander,19
570,Lisa,Walker,19
571,Nicole,Hobbs,20
572,Steven,Nichols,20
573,Cameron,Thomas,20
574,John,Washington,20
575,Mariah,Holder,20
576,Edwin,Stanton,20
577,Hayden,Martin,20
578,Travis,Clark,20
579,Jason,Jones,20
580,Kara,Adams,20
581,Drew,Stevens,20
582,Rachel,Cain,20
583,Thomas,Hunt,20
584,Michael,Wheeler,20
585,Deborah,Melendez,20
586,Daniel,Gonzales,20
587,Katrina,Simpson,20
588,Sarah,Brewer,20
589,Robert,Hernandez,20
590,Mitchell,Hebert,20
591,Barbara,Smith,20
592,Crystal,Roberts,20
593,Claire,Wright,20
594,James,Adkins,20
595,Cheryl,Lewis,20
596,Linda,Crane,20
597,Samantha,Ortiz,20
598,Margaret,Chapman,20
599,William,Davis,20
600,Olivia,Henry,20
601,Mario,Powers,21
602,Sara,French,21
603,Sheri,Ramos,21
604,Danielle,Campos,21
605,Paul,Rice,21
606,Vanessa,Becker,21
607,Mark,Lee,21
608,Rebecca,Gamble,21
609,Steven,Price,21
610,Charles,Buck,21
611,Michael,Tucker,21
612,Stephanie,House,21
613,Jennifer,Gonzalez,21
614,Troy,Obrien,21
615,Lauren,Solis,21
616,Deanna,Robles,21
617,Danielle,White,21
618,Alexander,Garrett,21
619,Andre,Spencer,21
620,Alan,Murray,21
621,Christopher,Baker,21
622,Mark,Arias,21
623,Mary,Reid,21
624,Maria,Mata,21
625,Matthew,Welch,21
626,Ryan,Mitchell,21
627,Margaret,Simmons,21
628,John,Jackson,21
629,Claudia,Martin,21
630,Angel,Kirby,21
631,Tammy,Rowe,22
632,Edgar,Roach,22
633,Steven,Ruiz,22
634,Cynthia,Stephenson,22
635,Russell,Evans,22
636,Jacqueline,White,22
637,Austin,Flores,22
638,Cheryl,Best,22
639,Amanda,Austin,22
640,Nicholas,Dominguez,22
641,Samantha,Mclaughlin,22
642,Seth,Villanueva,22
643,Jose,Wall,22
644,Darryl,Franco,22
645,Patricia,Shepherd,22
646,Robert,Miller,22
647,Chad,Washington,22
648,Natasha,Wyatt,22
649,Kenneth,Scott,22
650,Jeffrey,Meyer,22
651,Emily,Casey,22
652,David,Rodriguez,22
653,Eric,Jones,22
654,Christine,King,22
655,Charles,Warren,22
656,Erik,Cameron,22
657,Johnny,Ford,22
658,Brandi,May,22
659,Donna,Meyer,22
660,David,Stevens,22
661,Brandon,Reed,23
662,Stephanie,Orozco,23
663,Sharon,Adkins,23
664,Diane,Case,23
665,Joy,Mcbride,23
666,Gary,Lopez,23
667,Brian,Reed,23
668,Kelly,Meadows,23
669,Rebecca,King,23
670,Suzanne,Rojas,23
671,Jodi,Gould,23
672,Patricia,White,23
673,Stephanie,Thompson,23
674,Stephanie,Meyers,23
675,Eric,Ortiz,23
676,Steven,Martinez,23
677,Sara,Smith,23
678,Wendy,Lee,23
679,Ryan,Ford,23
680,Larry,Johnson,23
681,Jeremiah,Thompson,23
682,Jamie,Gibson,23
683,Anne,Brown,23
684,Ronald,Long,23
685,Donna,Berry,23
686,Michael,Parker,23
687,Joshua,Howard,23
688,James,Jones,23
689,Meagan,Rogers,23
690,Taylor,Ward,23
691,John,Ramirez,24
692,Anthony,Pacheco,24
693,Drew,Donovan,24
694,Justin,Spears,24
695,Nicole,Owens,24
696,Travis,Yates,24
697,David,Johnson,24
698,Kimberly,Baxter,24
699,Dylan,Johnson,24
700,Alyssa,Lindsey,24
701,Sarah,Wilson,24
702,Katie,Macias,24
703,Kyle,Jones,24
704,Mary,Stephens,24
705,Shawn,Morales,24
706,Megan,Nicholson,24
707,Terri,Barry,24
708,Anna,Stevens,24
709,Jacqueline,Harrington,24
710,Matthew,Williams,24
711,Denise,Walker,24
712,Leah,Howell,24
713,Kimberly,Johnson,24
714,Angela,Nguyen,24
715,Michael,Ortega,24
716,Phillip,Stone,24
717,Jennifer,Adams,24
718,Amy,Durham,24
719,Tami,Salazar,24
720,Gwendolyn,Chapman,24
721,Fernando,Rivera,25
722,Lisa,Henderson,25
723,Nancy,Davis,25
724,Jennifer,Sanchez,25
725,Meghan,Lynch,25
726,Karen,Wagner,25
727,Kathy,Evans,25
728,Jennifer,Decker,25
729,Kyle,Huber,25
730,Kelsey,Garcia,25
731,Tina,Ryan,25
732,Michelle,Gonzalez,25
733,Michelle,Bailey,25
734,Daniel,French,25
735,Terri,Castillo,25
736,Vanessa,Morales,25
737,David,Benitez,25
738,Peggy,Pitts,25
739,Sarah,Flores,25
740,Scott,Moore,25
741,Melissa,Carter,25
742,Rachel,Beasley,25
743,Donald,Floyd,25
744,Holly,Johnson,25
745,Diane,Lee,25
746,William,Smith,25
747,Margaret,Cherry,25
748,David,Wells,25
749,Stacey,Lewis,25
750,Tracey,Webb,25
751,Tracy,Castaneda,26
752,James,Booker,26
753,John,Taylor,26
754,Aaron,Coleman,26
755,Abigail,Valentine,26
756,Amy,Ross,26
757,Johnny,Griffin,26
758,Alyssa,Austin,26
759,Blake,Pennington,26
760,Kyle,Kim,26
761,Maria,Jackson,26
762,Nicole,Washington,26
763,Adam,Owen,26
764,Robert,Spencer,26
765,Jesus,Martinez,26
766,Mindy,Jordan,26
767,Andrew,Clark,26
768,Edward,Smith,26
769,Robert,Ruiz,26
770,Rhonda,Reynolds,26
771,Jacob,Goodman,26
772,Thomas,Lopez,26
773,Tiffany,Smith,26
774,Lacey,Cross,26
775,Hunter,Hall,26
776,John,Gutierrez,26
777,Robert,Jenkins,26
778,Heather,Martin,26
779,Lori,Rodriguez,26
780,Paige,Castro,26
781,Amanda,Brown,27
782,Lisa,Miller,27
783,Brian,Powers,27
784,Brenda,Garza,27
785,Louis,Miller,27
786,Sharon,Wright,27
787,Mary,Johnson,27
788,Jeffrey,Velez,27
789,Samuel,Todd,27
790,Eric,Ford,27
791,Amy,Zamora,27
792,Rhonda,Allen,27
793,Cynthia,Franklin,27
794,Regina,Gross,27
795,Anthony,Wells,27
796,Leslie,Cook,27
797,Ryan,Young,27
798,Gina,Lang,27
799,Bobby,Clark,27
800,Nicholas,Reid,27
801,David,Grant,27
802,Dawn,Miranda,27
803,Dawn,Matthews,27
804,Heather,Bailey,27
805,John,Brown,27
806,Adam,Thomas,27
807,Valerie,Pearson,27
808,Betty,Sandoval,27
809,Angela,Faulkner,27
810,Wendy,Bush,27
811,Todd,Parker,28
812,James,Miles,28
813,Pamela,Clements,28
814,Brandon,Le,28
815,Darryl,Ellis,28
816,Gregory,Torres,28
817,Joel,Barry,28
818,Chad,Ramirez,28
819,Christopher,Phillips,28
820,Brianna,Camacho,28
821,Daniel,Brady,28
822,Joanne,Mooney,28
823,Ryan,Rodriguez,28
824,David,Wallace,28
825,Adriana,Petty,28
826,Lauren,Allen,28
827,Jaclyn,Flowers,28
828,Jennifer,Frederick,28
829,Ashley,Hopkins,28
830,Christopher,Smith,28
831,Christopher,Gutierrez,28
832,Jason,Rose,28
833,Juan,Gonzalez,28
834,Richard,Lee,28
835,Michelle,Phelps,28
836,John,Kelly,28
837,Elizabeth,Mitchell,28
838,Erica,Spears,28
839,Paige,Williams,28
840,Tiffany,Greene,28
841,Kayla,Oliver,29
842,Michael,Robinson,29
843,Alfred,Zavala,29
844,Kimberly,Perez,29
845,Monica,Harris,29
846,Jason,Adams,29
847,Michele,Rush,29
848,Michael,Buchanan,29
849,Meredith,Garcia,29
850,Joshua,Jackson,29
851,Raven,Sweeney,29
852,Bryan,Smith,29
853,Stacy,Mueller,29
854,Denise,Hodge,29
855,Christopher,Barnes,29
856,Andrea,Smith,29
857,Tiffany,Baker,29
858,Vanessa,Cooper,29
859,Christina,Baker,29
860,Angela,Smith,29
861,Amanda,Bell,29
862,Timothy,Anderson,29
863,Beth,Young,29
864,Daniel,Jacobs,29
865,Lawrence,Ward,29
866,Rebecca,Wiley,29
867,Stacey,Summers,29
868,Jonathan,Burns,29
869,Patrick,Levy,29
870,Jeffrey,Wade,29
871,Chad,Montoya,30
872,Jasmine,Hernandez,30
873,Douglas,Rivera,30
874,Marisa,Martinez,30
875,Frances,Harris,30
876,Erin,Smith,30
877,John,Mahoney,30
878,John,Benjamin,30
879,Amanda,Davis,30
880,Dana,Rivas,30
881,Jennifer,Riddle,30
882,Thomas,Hamilton,30
883,Jonathan,Walton,30
884,Bonnie,Sawyer,30
885,Diamond,Garza,30
886,William,Walker,30
887,Janet,Conner,30
888,Tammy,Robinson,30
889,Paul,Mcgrath,30
890,John,Ballard,30
891,Brandon,Martin,30
892,Melissa,Hill,30
893,Roberto,Hudson,30
894,Jacob,Frazier,30
895,Stephen,Scott,30
896,Alan,Gamble,30
897,Lee,Lee,30
898,Bradley,Franklin,30
899,Brittany,Davis,30
900,Anthony,Hudson,30
901,Mario,Sims,31
902,Michael,Arias,31
903,Bonnie,King,31
904,Shannon,Rose,31
905,Christopher,Anderson,31
906,Jonathan,Taylor,31
907,Sarah,Brown,31
908,Kayla,Collins,31
909,Diane,Navarro,31
910,Tammy,Bryant,31
911,Julie,Young,31
912,Stephanie,Luna,31
913,Amber,Ruiz,31
914,Penny,Olsen,31
915,Dustin,Ochoa,31
916,Evan,Bass,31
917,Robert,Miller,31
918,Elizabeth,Ochoa,31
919,Tina,Washington,31
920,Monica,Gonzalez,31
921,John,Smith,31
922,Lisa,Price,31
923,Amy,Jackson,31
924,Austin,Cook,31
925,Sarah,Hale,31
926,Vanessa,Horton,31
927,Nichole,Suarez,31
928,Kyle,Brooks,31
929,Jennifer,Harper,31
930,Jessica,Moore,31
931,Madison,Mccarty,32
932,Pamela,Smith,32
933,April,Scott,32
934,Tom,Morgan,32
935,Henry,Allen,32
936,Tiffany,Garcia,32
937,Nicole,Navarro,32
938,Roy,Thompson,32
939,Kayla,Monroe,32
940,Shane,Bradley,32
941,Jennifer,Harvey,32
942,Larry,Smith,32
943,Kristina,Rodriguez,32
944,Charles,Nixon,32
945,Arthur,Sawyer,32
946,Kelly,Powers,32
947,Michael,Johnson,32
948,Alexandra,Ross,32
949,Terry,Lucero,32
950,William,Gomez,32
951,Megan,Yu,32
952,Teresa,Allen,32
953,Matthew,Miller,32
954,Douglas,Wilson,32
955,Thomas,Jones,32
956,Dawn,Gonzalez,32
957,Corey,Green,32
958,Tammy,Page,32
959,Denise,Clarke,32
960,Antonio,Ramirez,32
961,Darryl,Johnson,33
962,Derrick,Woods,33
963,Sandra,Chavez,33
964,Adam,Hernandez,33
965,Sarah,Haynes,33
966,Paul,Williams,33
967,Suzanne,Bell,33
968,Melissa,Edwards,33
969,Misty,Ortega,33
970,Michael,Long,33
971,David,Walker,33
972,Rebecca,Berg,33
973,Dustin,Bishop,33
974,Claudia,Mcgee,33
975,Scott,Rodriguez,33
976,Bryce,Vega,33
977,Lawrence,Stevens,33
978,Michael,Wood,33
979,Curtis,Hicks,33
980,Jane,Murray,33
981,Nicholas,White,33
982,Dawn,Clark,33
983,Emily,Ramos,33
984,Mary,Frederick,33
985,Spencer,Herrera,33
986,Paul,Garner,33
987,Sarah,Johnson,33
988,Christina,Haynes,33
989,Alex,Wells,33
990,Robert,Ortiz,33
991,Francisco,Miller,34
992,Sara,Wu,34
993,Chad,Smith,34
994,Michele,Copeland,34
995,Jessica,Escobar,34
996,Maria,Baker,34
997,Brittney,Wade,34
998,James,Cervantes,34
999,Kimberly,Meyer,34
1000,Christopher,Carter,34
1001,Kevin,Thompson,34
1002,Amber,Harris,34
1003,Shane,Long,34
1004,Susan,Griffin,34
1005,Vincent,Moody,34
1006,Scott,Jacobs,34
1007,Blake,Hernandez,34
1008,Connie,Pittman,34
1009,Cassandra,Reese,34
1010,Fred,Walker,34
1011,Yolanda,Edwards,34
1012,Dawn,Wood,34
1013,William,Ramirez,34
1014,Scott,Frost,34
1015,Chelsea,Johnson,34
1016,Maria,Lewis,34
1017,Charles,Patel,34
1018,Jessica,Murray,34
1019,David,Hoover,34
1020,Jennifer,Jones,34
1021,Lisa,Hayes,35
1022,Jennifer,Tran,35
1023,Carolyn,Kaufman,35
1024,Kevin,Mccoy,35
1025,James,Owens,35
1026,Nicole,Chambers,35
1027,Brian,Simpson,35
1028,Mark,Fletcher,35
1029,Richard,Williams,35
1030,Megan,Perez,35
1031,Richard,Ray,35
1032,Willie,Santos,35
1033,Timothy,Brandt,35
1034,Amy,Hunter,35
1035,Kayla,Nelson,35
1036,Cheryl,Sawyer,35
1037,Alexander,Barker,35
1038,Jeremy,Johnson,35
1039,Kathy,Ellis,35
1040,Roger,Reese,35
1041,Joshua,Wells,35
1042,Brian,Martinez,35
1043,Wesley,Harrington,35
1044,Kevin,Duncan,35
1045,Renee,Reeves,35
1046,Ashley,Cruz,35
1047,Nicholas,Garcia,35
1048,Lori,Robertson,35
1049,Sandra,Hill,35
1050,Kyle,Anderson,35
1051,Larry,Baird,36
1052,Jessica,Floyd,36
1053,Russell,Rogers,36
1054,Eric,Kelley,36
1055,Anna,Odom,36
1056,Michael,Goodwin,36
1057,Nicole,Lindsey,36
1058,Audrey,Anderson,36
1059,Patrick,Murphy,36
1060,Tasha,Diaz,36
1061,Brian,Cohen,36
1062,Sherri,Rhodes,36
1063,Karen,James,36
1064,James,Hunter,36
1065,Robert,Christensen,36
1066,David,Martinez,36
1067,Micheal,Price,36
1068,Kaylee,Smith,36
1069,Nancy,Ferguson,36
1070,Brandy,Knight,36
1071,Gene,Salazar,36
1072,Kaylee,Bolton,36
1073,Bryan,Howard,36
1074,Danielle,Hunt,36
1075,Charles,Coleman,36
1076,Phillip,Johnson,36
1077,Amber,Morris,36
1078,Morgan,Phelps,36
1079,Joseph,Patterson,36
1080,Kathryn,Craig,36
1081,Cristian,Hernandez,37
1082,Megan,Reyes,37
1083,Barbara,Macdonald,37
1084,Catherine,Moore,37
1085,Laura,Parks,37
1086,Melissa,Bell,37
1087,Sandra,Craig,37
1088,Sabrina,Ryan,37
1089,Tammy,Klein,37
1090,Jennifer,Contreras,37
1091,Danielle,Smith,37
1092,Timothy,Wilson,37
1093,Christian,Davis,37
1094,Mary,Ferguson,37
1095,Joshua,Blankenship,37
1096,Justin,Scott,37
1097,Anna,Cruz,37
1098,Christine,Farmer,37
1099,Jeremy,Christian,37
1100,Michael,Short,37
1101,Jordan,Francis,37
1102,Bonnie,Estrada,37
1103,Jessica,Bryan,37
1104,Alyssa,Schultz,37
1105,Kristen,Dominguez,37
1106,Stephanie,Anderson,37
1107,Timothy,Lewis,37
1108,Stacy,King,37
1109,Abigail,Martin,37
1110,Abigail,Reed,37
1111,John,Carey,38
1112,Kayla,Sims,38
1113,Cheryl,Kelly,38
1114,John,Rogers,38
1115,Amy,Davis,38
1116,Joseph,Austin,38
1117,Patricia,Jones,38
1118,Amanda,Perez,38
1119,Lauren,Proctor,38
1120,Edward,Norris,38
1121,Terri,Ross,38
1122,Monica,Martin,38
1123,Erin,Schultz,38
1124,Joseph,Strickland,38
1125,Hannah,Simmons,38
1126,Carrie,Ramsey,38
1127,Diane,Yang,38
1128,Katherine,Steele,38
1129,Greg,Moreno,38
1130,Lauren,Russell,38
1131,Amy,Boyer,38
1132,Tracie,Waters,38
1133,Cindy,Rush,38
1134,Victor,Simmons,38
1135,Amy,Butler,38
1136,Rachel,Green,38
1137,Denise,White,38
1138,Courtney,White,38
1139,Christopher,Ross,38
1140,David,Zhang,38
1141,Rebecca,Hansen,39
1142,Jessica,Thomas,39
1143,Shawn,Schneider,39
1144,Daniel,Robertson,39
1145,Lance,Hinton,39
1146,Paul,Gomez,39
1147,Haley,Stanton,39
1148,Eric,Cisneros,39
1149,Michael,Johnson,39
1150,Robert,Williamson,39
1151,Daniel,Alexander,39
1152,William,Rowe,39
1153,Frank,Morris,39
1154,Audrey,Campbell,39
1155,Anna,Smith,39
1156,Steve,Johnson,39
1157,Christine,Gonzalez,39
1158,Jasmine,Nelson,39
1159,Shawn,Burke,39
1160,Barbara,Johnson,39
1161,Evan,Gordon,39
1162,Julie,Brandt,39
1163,Dustin,Tapia,39
1164,Stephanie,Parsons,39
1165,Lisa,Robinson,39
1166,Jeffrey,Pratt,39
1167,Leslie,Hess,39
1168,Antonio,Gilbert,39
1169,Sara,Wilson,39
1170,James,Fernandez,39
1171,Todd,Schmidt,40
1172,Alexa,Arnold,40
1173,Bryan,Burton,40
1174,Dennis,Gillespie,40
1175,Michael,Holmes,40
1176,Latasha,Knight,40
1177,Anthony,Mcdowell,40
1178,Brett,Rivera,40
1179,Charles,Leon,40
1180,Willie,Allison,40
1181,Justin,Garrett,40
1182,Juan,Collier,40
1183,Jill,Roberson,40
1184,Zachary,Young,40
1185,James,Gonzalez,40
1186,Charles,Holt,40
1187,Antonio,Yates,40
1188,Kyle,Phelps,40
1189,Abigail,Hall,40
1190,Marie,Hensley,40
1191,Joseph,Ortiz,40
1192,Paul,Erickson,40
1193,Donna,Goodwin,40
1194,David,Reyes,40
1195,Justin,Miller,40
1196,Elizabeth,Long,40
1197,Joe,Velasquez,40
1198,Briana,Tran,40
1199,Denise,Branch,40
1200,James,Rollins,40
1201,Kyle,Paul,41
1202,Amy,Vasquez,41
1203,Ethan,Lopez,41
1204,Debra,Fields,41
1205,William,Morrison,41
1206,Ronald,Ramirez,41
1207,Sarah,Barker,41
1208,Steven,Holt,41
1209,Tonya,Martinez,41
1210,Tonya,Ho,41
1211,Cheryl,Taylor,41
1212,Jessica,Castillo,41
1213,Matthew,Clayton,41
1214,Rachael,Burgess,41
1215,Wanda,Miller,41
1216,Michael,Harris,41
1217,Daniel,Wise,41
1218,Samuel,Miller,41
1219,Mark,Stein,41
1220,Angela,Nelson,41
1221,Kevin,Mccoy,41
1222,Bruce,Huber,41
1223,Jeremy,Lynch,41
1224,Rebecca,Chen,41
1225,Tyler,Haley,41
1226,Kristen,Copeland,41
1227,Matthew,Stephens,41
1228,Ann,Walsh,41
1229,George,Jones,41
1230,Scott,Warren,41
1231,Carlos,Choi,42
1232,Rebecca,Clark,42
1233,Melissa,Marsh,42
1234,Julie,Waller,42
1235,Jamie,Buchanan,42
1236,Michelle,Johnson,42
1237,Kurt,Warren,42
1238,Gregory,Rowe,42
1239,Linda,Castaneda,42
1240,Matthew,Melendez,42
1241,Kaitlin,Shaffer,42
1242,Lisa,Bailey,42
1243,Anne,Randall,42
1244,Robert,Gross,42
1245,Luis,Jackson,42
1246,Sarah,Mcmillan,42
1247,Robert,Hodges,42
1248,Laura,Hampton,42
1249,Kelly,Carter,42
1250,Wayne,Abbott,42
1251,Joseph,Ball,42
1252,Ashley,Hansen,42
1253,Laura,Cervantes,42
1254,Alexa,Reed,42
1255,Jessica,Smith,42
1256,Dean,Brown,42
1257,Robyn,Hall,42
1258,Guy,Mendoza,42
1259,Greg,Cross,42
1260,Andrea,Patterson,42
1261,Mary,Sanchez,43
1262,Karen,Porter,43
1263,Patrick,Wilson,43
1264,Emma,Castro,43
1265,Thomas,Reynolds,43
1266,Michael,Munoz,43
1267,Elizabeth,Marquez,43
1268,Crystal,Brown,43
1269,James,Stark,43
1270,Meagan,Powell,43
1271,Victoria,Mayo,43
1272,Emily,Hernandez,43
1273,Kevin,Allen,43
1274,Kenneth,Matthews,43
1275,Tonya,Green,43
1276,Ruben,Roth,43
1277,Taylor,Thomas,43
1278,George,Green,43
1279,Edward,Yates,43
1280,Laura,Silva,43
1281,Ashley,Bailey,43
1282,Cody,Rose,43
1283,Rick,Decker,43
1284,Matthew,Johnson,43
1285,Christopher,Kelly,43
1286,Sally,Chavez,43
1287,Michelle,Garcia,43
1288,Austin,Palmer,43
1289,Brian,Hill,43
1290,Eric,Brown,43
1291,Michael,Randall,44
1292,Paul,Guzman,44
1293,Steven,Costa,44
1294,David,Bennett,44
1295,Amanda,Cochran,44
1296,James,Hammond,44
1297,Kyle,Burke,44
1298,Denise,Edwards,44
1299,Diana,Clark,44
1300,Jeffrey,Dougherty,44
1301,Kathryn,Johnson,44
1302,Samantha,Scott,44
1303,Julie,Johnson,44
1304,Tracy,Roberts,44
1305,Ashley,Cox,44
1306,David,Burton,44
1307,Daniel,Sanders,44
1308,Carl,Moss,44
1309,Peter,Gonzalez,44
1310,Jessica,Bryant,44
1311,Jeremiah,Bryant,44
1312,Kimberly,Ward,44
1313,Amy,Gill,44
1314,Melanie,Russell,44
1315,David,Golden,44
1316,David,Smith,44
1317,Courtney,Mack,44
1318,Matthew,Garcia,44
1319,Heather,Valentine,44
1320,Shannon,Miller,44
1321,Kenneth,Bryant,45
1322,Elizabeth,Miller,45
1323,Michael,Adams,45
1324,Samantha,Brown,45
1325,John,Hicks,45
1326,Barbara,Clay,45
1327,Diane,Mann,45
1328,Clifford,Hudson,45
1329,Victoria,Taylor,45
1330,Melissa,Oliver,45
1331,David,Thompson,45
1332,Jesse,Anderson,45
1333,Corey,Porter,45
1334,Stuart,Hahn,45
1335,Dean,Garner,45
1336,Susan,Ruiz,45
1337,Jeremy,Oliver,45
1338,Philip,Krueger,45
1339,Shannon,Moore,45
1340,Karen,Cohen,45
1341,Nathan,Blackwell,45
1342,Christine,Morris,45
1343,Frederick,Collier,45
1344,Austin,Collins,45
1345,Amy,Thompson,45
1346,Pamela,Castillo,45
1347,David,Lawrence,45
1348,Antonio,Banks,45
1349,Chase,Mason,45
1350,Julie,Haynes,45
1351,Pamela,Ellis,46
1352,Janet,Bender,46
1353,Connor,Perry,46
1354,Amanda,Parsons,46
1355,Latoya,Ortiz,46
1356,Lisa,Shaw,46
1357,Emily,Neal,46
1358,Alice,Hunt,46
1359,Tom,Calhoun,46
1360,Samantha,Wilson,46
1361,Daniel,Herrera,46
1362,Charles,Garcia,46
1363,Donald,Alexander,46
1364,Daniel,Fowler,46
1365,Amanda,Hamilton,46
1366,Theresa,Rios,46
1367,Brian,Goodman,46
1368,Christy,Bell,46
1369,Joseph,Meyer,46
1370,Daniel,Bailey,46
1371,Antonio,Hernandez,46
1372,Anthony,Garza,46
1373,Michael,Miller,46
1374,Monica,Edwards,46
1375,Vanessa,Rodriguez,46
1376,Amy,Kim,46
1377,Kimberly,Reese,46
1378,Randall,Perkins,46
1379,Gina,Rodriguez,46
1380,Joy,Howe,46
1381,Matthew,Hayes,47
1382,Beth,Tran,47
1383,Tammy,Rhodes,47
1384,Sherry,Ortiz,47
1385,Tiffany,Johnson,47
1386,Tony,Wiggins,47
1387,Tyler,Spencer,47
1388,Edward,Lopez,47
1389,Karen,Stewart,47
1390,Kevin,Escobar,47
1391,Allen,Williams,47
1392,Tina,Ritter,47
1393,Andrea,Phillips,47
1394,Cheryl,Allen,47
1395,Tanya,Powell,47
1396,Beth,Chaney,47
1397,Sarah,Graham,47
1398,Diana,Villegas,47
1399,Nicholas,Thomas,47
1400,Antonio,Anderson,47
1401,Jay,Thomas,47
1402,Joseph,Jones,47
1403,Andre,Stevenson,47
1404,Patrick,Crawford,47
1405,Denise,Cooper,47
1406,Alexandra,Ellison,47
1407,Dawn,Leon,47
1408,Kristie,Chang,47
1409,Andrea,Nolan,47
1410,Jodi,Henderson,47
1411,Donald,Murphy,48
1412,Daniel,Kirk,48
1413,Nicholas,Jones,48
1414,Jessica,Davidson,48
1415,Robert,Elliott,48
1416,Dillon,Reed,48
1417,Tyler,Oconnor,48
1418,Tammie,Boyd,48
1419,Brad,Powell,48
1420,Monica,Cline,48
1421,Anthony,Jackson,48
1422,Jennifer,Pham,48
1423,Diane,Thomas,48
1424,Sarah,Hayes,48
1425,Samantha,Robinson,48
1426,Samuel,Wilcox,48
1427,Rhonda,Greer,48
1428,Kaitlin,Casey,48
1429,Christina,Howell,48
1430,Gabrielle,Reynolds,48
1431,Christine,Collins,48
1432,Andrea,Adams,48
1433,Joseph,Walters,48
1434,Jason,Garcia,48
1435,Robert,Duran,48
1436,Kristen,Snyder,48
1437,Mark,Lee,48
1438,Donna,Lynch,48
1439,Justin,Rodriguez,48
1440,Daniel,Oneill,48
1441,Bryan,Rollins,49
1442,Jennifer,Kirk,49
1443,Robert,Singleton,49
1444,Zachary,Perez,49
1445,Jennifer,Morales,49
1446,Andrea,Hill,49
1447,Eric,Butler,49
1448,Michael,Mcneil,49
1449,Martin,Johnson,49
1450,Anita,Beasley,49
1451,Jeffrey,Martin,49
1452,Steven,Miller,49
1453,Jonathan,Frank,49
1454,Cody,Jackson,49
1455,Lisa,Green,49
1456,Timothy,Terry,49
1457,William,Lucero,49
1458,Kaitlyn,Ford,49
1459,Jeffrey,Martinez,49
1460,Shirley,Lopez,49
1461,Crystal,Baker,49
1462,Jacob,Randall,49
1463,Mark,Oliver,49
1464,Rebecca,Clayton,49
1465,Leslie,Padilla,49
1466,Brent,Thompson,49
1467,Nancy,Wright,49
1468,Joseph,Casey,49
1469,Robert,Sweeney,49
1470,William,Stevens,49
1471,Julia,Mosley,50
1472,Michelle,Wilkins,50
1473,Paula,Larson,50
1474,Allen,Berry,50
1475,Joseph,Young,50
1476,Heather,Thomas,50
1477,Patrick,Jimenez,50
1478,Chris,Lee,50
1479,David,Henderson,50
1480,Charles,Moore,50
1481,Janice,Pace,50
1482,Alexandria,Robinson,50
1483,Karen,Smith,50
1484,Robert,Moore,50
1485,Kim,West,50
1486,Gloria,Chambers,50
1487,Lori,Durham,50
1488,Scott,Carlson,50
1489,Lindsey,Osborne,50
1490,Briana,Elliott,50
1491,Martin,Blair,50
1492,Nicholas,Miller,50
1493,Karen,Watson,50
1494,Bruce,Levine,50
1495,Gina,Cruz,50
1496,Laura,Brown,50
1497,Cameron,Jackson,50
1498,Megan,Alexander,50
1499,Brooke,Spears,50
1500,Daniel,Thompson,50
1501,Marcus,Anderson,51
1502,Nicole,Collins,51
1503,Joshua,Dudley,51
1504,Allison,Mcdonald,51
1505,Danielle,Perez,51
1506,Laura,Garcia,51
1507,Christopher,Doyle,51
1508,Stephanie,Hill,51
1509,Stephanie,Huffman,51
1510,John,Buckley,51
1511,Olivia,Mcneil,51
1512,Victoria,Hanson,51
1513,Robert,Howell,51
1514,Brian,Miller,51
1515,Ryan,Carter,51
1516,Mark,Ortiz,51
1517,Ruben,Caldwell,51
1518,Jasmine,Cook,51
1519,Theresa,Lutz,51
1520,Luis,Logan,51
1521,John,Castro,51
1522,Jessica,Foster,51
1523,Justin,Lee,51
1524,James,Smith,51
1525,Elizabeth,Newman,51
1526,Robert,Riggs,51
1527,Sarah,Garcia,51
1528,Christopher,Jones,51
1529,Natalie,Hudson,51
1530,Kari,Rivera,51
1531,Andrea,Estes,52
1532,Ashley,Smith,52
1533,Edward,Raymond,52
1534,Mark,Mckee,52
1535,Emily,Navarro,52
1536,Taylor,Washington,52
1537,Daniel,Oneal,52
1538,Olivia,Cochran,52
1539,Christine,Griffin,52
1540,Christopher,Rose,52
1541,Peter,Carpenter,52
1542,Steven,Oliver,52
1543,Diana,Hester,52
1544,Sarah,Harris,52
1545,Brian,Norton,52
1546,Jennifer,Figueroa,52
1547,Samantha,Rodriguez,52
1548,Christopher,Wiggins,52
1549,Jeffrey,Hernandez,52
1550,Toni,Ho,52
1551,Andrew,Barajas,52
1552,Emily,Henderson,52
1553,Daniel,Dillon,52
1554,Nicholas,Williamson,52
1555,Jane,Le,52
1556,Kimberly,Burgess,52
1557,Gina,York,52
1558,Jillian,Bailey,52
1559,Amanda,Cabrera,52
1560,Cynthia,Wagner,52
1561,Rachel,Foster,53
1562,Amber,Munoz,53
1563,Kevin,Roy,53
1564,David,Coleman,53
1565,Joshua,Tucker,53
1566,Cheryl,Scott,53
1567,Jamie,Stephenson,53
1568,Jamie,Kim,53
1569,Melinda,Curtis,53
1570,Tiffany,Edwards,53
1571,Carly,Jenkins,53
1572,Eric,Garcia,53
1573,Renee,Gallagher,53
1574,David,Freeman,53
1575,Tammy,Parker,53
1576,Angela,Stein,53
1577,Ethan,Gray,53
1578,Nathan,Nixon,53
1579,Cole,Johnson,53
1580,Larry,Hernandez,53
1581,Susan,Dickerson,53
1582,Pamela,Perkins,53
1583,Leah,Morris,53
1584,Jessica,Lawrence,53
1585,Daniel,Walker,53
1586,Julie,Jackson,53
1587,Keith,Chan,53
1588,Kathy,Brown,53
1589,David,West,53
1590,Jill,Fletcher,53
1591,Ashley,Stevens,54
1592,Tracey,Moon,54
1593,Michael,Goodman,54
1594,Andrew,Ayers,54
1595,Julie,Perkins,54
1596,Dawn,Ramos,54
1597,Douglas,Benson,54
1598,Hannah,Cox,54
1599,Bryan,Calhoun,54
1600,Barbara,Dixon,54
1601,Michael,Roberts,54
1602,Richard,Maldonado,54
1603,Jennifer,Meyers,54
1604,Leslie,Lang,54
1605,William,Adams,54
1606,Kathleen,Lyons,54
1607,Paul,Lane,54
1608,Kristin,Atkinson,54
1609,Amy,Williams,54
1610,Alexis,Alexander,54
1611,Teresa,Jimenez,54
1612,Steven,Thompson,54
1613,Michael,Johnson,54
1614,Cynthia,Martin,54
1615,Albert,Young,54
1616,Lisa,Bishop,54
1617,Candice,Taylor,54
1618,Scott,Garcia,54
1619,Anthony,Roberts,54
1620,Kimberly,Solis,54
1621,Jeremy,Tucker,55
1622,Shannon,Elliott,55
1623,Caleb,Reed,55
1624,Hannah,Wise,55
1625,Isaac,Porter,55
1626,Dorothy,Livingston,55
1627,Nancy,Long,55
1628,Ronald,Obrien,55
1629,Anthony,Jackson,55
1630,Andrew,Gilmore,55
1631,Richard,Ward,55
1632,Pamela,Jones,55
1633,Brittany,Thornton,55
1634,Michael,Estrada,55
1635,Mary,Nunez,55
1636,Jasmine,Hernandez,55
1637,Samantha,Mason,55
1638,Janet,Wood,55
1639,Anthony,Tucker,55
1640,Kimberly,Sharp,55
1641,Amanda,Anderson,55
1642,Erik,Fernandez,55
1643,Stephanie,Pitts,55
1644,Casey,Rose,55
1645,Jessica,Allison,55
1646,Amy,Vega,55
1647,Rachel,Harris,55
1648,Joseph,Johnson,55
1649,Diana,Turner,55
1650,Nancy,Esparza,55
1651,Katie,Graham,56
1652,Amanda,Dickson,56
1653,Emily,Cox,56
1654,Steven,Barrera,56
1655,Nicole,Taylor,56
1656,Jennifer,Lee,56
1657,Adam,Schwartz,56
1658,William,Anderson,56
1659,Christopher,Valentine,56
1660,Eric,Martin,56
1661,Trevor,Mitchell,56
1662,Renee,Hall,56
1663,Anthony,Perez,56
1664,Amy,Wilson,56
1665,David,Jones,56
1666,Benjamin,Taylor,56
1667,Sarah,Conner,56
1668,Susan,Gomez,56
1669,Vincent,Harrison,56
1670,Christopher,Eaton,56
1671,Veronica,Washington,56
1672,Robert,Owens,56
1673,Clifford,Trevino,56
1674,Jamie,Moreno,56
1675,Ashley,Delgado,56
1676,Victoria,Barber,56
1677,Rebecca,Johnson,56
1678,Jesse,Gray,56
1679,Shelly,Frost,56
1680,Amanda,Maxwell,56
1681,Lauren,Ramsey,57
1682,Jean,Sanchez,57
1683,Jonathan,Wallace,57
1684,Tyrone,Hart,57
1685,Adriana,Thompson,57
1686,Matthew,Brown,57
1687,Pam,Alvarez,57
1688,Craig,Johnson,57
1689,Joseph,Deleon,57
1690,Teresa,Herman,57
1691,Daniel,Martin,57
1692,Jennifer,Peterson,57
1693,David,Bell,57
1694,Jasmine,Lopez,57
1695,Joseph,Smith,57
1696,Eric,Williams,57
1697,Jessica,Williams,57
1698,Leah,King,57
1699,Shannon,Hendricks,57
1700,Lacey,Dunn,57
1701,Sarah,Pierce,57
1702,Justin,Roberts,57
1703,Laura,Hernandez,57
1704,John,Shaw,57
1705,Nicole,Day,57
1706,Alicia,Moore,57
1707,Wyatt,Garcia,57
1708,Brian,Flores,57
1709,Emily,Russo,57
1710,Richard,Rubio,57
1711,Eileen,Williams,58
1712,Carol,Baker,58
1713,Emily,Hoffman,58
1714,James,Wright,58
1715,Thomas,Vasquez,58
1716,Justin,King,58
1717,Jaime,Howard,58
1718,Christopher,Sutton,58
1719,Anthony,Sherman,58
1720,Riley,Henry,58
1721,Shelley,Barton,58
1722,Steven,Taylor,58
1723,William,Dickerson,58
1724,Faith,Baker,58
1725,David,Hall,58
1726,Robert,Wang,58
1727,Nicholas,Mueller,58
1728,Katie,Smith,58
1729,Jeffrey,Phillips,58
1730,Morgan,Guerrero,58
1731,Joe,Bates,58
1732,Candace,Chapman,58
1733,Nicholas,Gutierrez,58
1734,Whitney,Mckenzie,58
1735,Ian,Yu,58
1736,Brandon,Rivera,58
1737,Linda,Blankenship,58
1738,Larry,Leach,58
1739,Julie,Martin,58
1740,Victor,Rocha,58
1741,Diana,Jones,59
1742,Nicholas,Valencia,59
1743,Michelle,Burns,59
1744,Anthony,Lin,59
1745,James,Mason,59
1746,Rebecca,Hopkins,59
1747,Diamond,Strong,59
1748,Sarah,Williams,59
1749,Sandra,Cross,59
1750,Douglas,Greene,59
1751,Kayla,Blankenship,59
1752,Elizabeth,Hanson,59
1753,Jonathan,Holmes,59
1754,Kelsey,Cunningham,59
1755,Steve,Thornton,59
1756,Amanda,Edwards,59
1757,Carla,Mitchell,59
1758,Ian,Ortega,59
1759,Kristi,Martinez,59
1760,John,Rodriguez,59
1761,Patricia,Smith,59
1762,Justin,Ryan,59
1763,Chad,Gallagher,59
1764,Natalie,Kaufman,59
1765,Chad,Lopez,59
1766,Daniel,Russell,59
1767,Jerry,Wilson,59
1768,Victoria,Barnett,59
1769,Jasmin,Ferrell,59
1770,Matthew,Green,59
1771,Cody,Erickson,60
1772,Matthew,Wilson,60
1773,Danielle,Sanchez,60
1774,Brenda,Mejia,60
1775,Jeremy,Diaz,60
1776,Anthony,Medina,60
1777,John,Morales,60
1778,Mary,Roberts,60
1779,Joshua,Ford,60
1780,Lindsey,Cannon,60
1781,Krista,Tucker,60
1782,Ashlee,Aguilar,60
1783,Crystal,Perez,60
1784,Jessica,Nunez,60
1785,Michael,Gonzalez,60
1786,Christopher,Parks,60
1787,Brian,Nelson,60
1788,Michael,Rodriguez,60
1789,Brian,Harris,60
1790,Samuel,Mills,60
1791,Ronald,Turner,60
1792,Brad,Mcmillan,60
1793,Kyle,Mitchell,60
1794,Eugene,Strong,60
1795,Brandon,Lawrence,60
1796,Bryce,Wu,60
1797,Allen,Sampson,60
1798,Ashley,Wyatt,60
1799,Andrew,Obrien,60
1800,Christina,Harris,60
1801,James,Duke,61
1802,Julie,Powers,61
1803,Karen,Young,61
1804,Rachel,Washington,61
1805,Alicia,Wade,61
1806,Mark,Pacheco,61
1807,Christopher,Ford,61
1808,Austin,Patrick,61
1809,Jacqueline,Villa,61
1810,Bryan,Anderson,61
1811,Stanley,Hoover,61
1812,Jonathan,Stanley,61
1813,Karen,Gray,61
1814,Jeffrey,Scott,61
1815,Robin,Moore,61
1816,Tina,Adams,61
1817,Alexander,Grant,61
1818,Brittany,Marshall,61
1819,Marie,Reyes,61
1820,Steven,Adkins,61
1821,Joy,Wilson,61
1822,Tiffany,Garza,61
1823,Sharon,Craig,61
1824,Shelley,White,61
1825,Marcus,Melton,61
1826,Jose,Fisher,61
1827,Sabrina,Perry,61
1828,Dylan,Brown,61
1829,Katherine,Sanchez,61
1830,Matthew,Johnson,61
1831,Jennifer,Smith,62
1832,Peter,Jackson,62
1833,David,Cox,62
1834,Alexis,Miller,62
1835,Natalie,Mata,62
1836,Natalie,Pierce,62
1837,Lynn,Howard,62
1838,Sharon,Carter,62
1839,James,Lewis,62
1840,Sharon,Hall,62
1841,Justin,Baldwin,62
1842,Bonnie,Johnson,62
1843,Kurt,White,62
1844,Laura,Moody,62
1845,Erica,Andrews,62
1846,Emily,Ramirez,62
1847,George,Smith,62
1848,Anthony,Lam,62
1849,Stephanie,Phillips,62
1850,Edward,Lane,62
1851,Jessica,Santos,62
1852,Olivia,Thompson,62
1853,Lisa,Davis,62
1854,Melody,Carter,62
1855,Jacob,Dawson,62
1856,Angela,Clark,62
1857,Philip,Coleman,62
1858,Noah,Smith,62
1859,Lisa,Martinez,62
1860,Andrea,Barber,62
1861,Bobby,Gibbs,63
1862,Brandy,Mckay,63
1863,Lisa,Robinson,63
1864,Steven,Palmer,63
1865,Diane,Lee,63
1866,Amber,Ballard,63
1867,Timothy,Petty,63
1868,Brenda,Cross,63
1869,Leah,Johnson,63
1870,Alison,Baxter,63
1871,Steven,Martin,63
1872,David,Leonard,63
1873,James,Grant,63
1874,Valerie,Herman,63
1875,Jennifer,Wolf,63
1876,Brandi,Flores,63
1877,Daniel,Newton,63
1878,Sheila,Johnson,63
1879,Timothy,Hudson,63
1880,Sandra,Jenkins,63
1881,Sherry,West,63
1882,Jason,Wilson,63
1883,Morgan,Fields,63
1884,Jennifer,Johnson,63
1885,Chris,Massey,63
1886,Lauren,Lucas,63
1887,Gina,Thompson,63
1888,Brandi,Gonzalez,63
1889,Frank,Palmer,63
1890,Rachel,Reeves,63
1891,Johnny,Cannon,64
1892,David,Garcia,64
1893,Timothy,Smith,64
1894,Julie,Friedman,64
1895,Jason,Brown,64
1896,Brittany,Smith,64
1897,Michael,White,64
1898,Stephanie,Morales,64
1899,Steven,Walter,64
1900,Erin,Garrison,64
1901,Juan,Mills,64
1902,Michael,Wise,64
1903,Earl,Clayton,64
1904,Amanda,Ross,64
1905,Debra,Mack,64
1906,Gina,Cochran,64
1907,Richard,Hays,64
1908,Justin,Alexander,64
1909,Ryan,Ruiz,64
1910,Craig,Jackson,64
1911,Andrew,Garrison,64
1912,Robin,Love,64
1913,Mary,Madden,64
1914,Tina,Long,64
1915,Tina,Olson,64
1916,Matthew,Yates,64
1917,Jason,Williamson,64
1918,Sean,Ortega,64
1919,Daniel,Garrett,64
1920,Scott,Kemp,64
1921,Connie,Guzman,65
1922,David,Dunn,65
1923,Alexandra,Thompson,65
1924,Jennifer,Gutierrez,65
1925,Joseph,Bullock,65
1926,Tara,Weber,65
1927,Karen,Hughes,65
1928,Susan,Romero,65
1929,Steven,Waller,65
1930,William,Dixon,65
1931,Jeffery,Harrington,65
1932,Ashley,Moore,65
1933,Timothy,Wagner,65
1934,Xavier,Anderson,65
1935,Jacob,Jackson,65
1936,Emily,Carter,65
1937,Mark,Gomez,65
1938,Bruce,Buchanan,65
1939,Jessica,Barnett,65
1940,Sandra,Villegas,65
1941,Kristen,Nichols,65
1942,Luis,Webb,65
1943,William,Ho,65
1944,Brittany,Jones,65
1945,Jeremy,Porter,65
1946,Sheri,Espinoza,65
1947,Molly,Tapia,65
1948,Steve,Baker,65
1949,Maria,Brown,65
1950,Michael,Ward,65
1951,Andrea,Smith,66
1952,Amanda,Cross,66
1953,Thomas,Medina,66
1954,Melinda,Bowen,66
1955,Joanne,Payne,66
1956,Kenneth,Fields,66
1957,Rebecca,Perez,66
1958,Aaron,Bell,66
1959,Thomas,Morris,66
1960,Judy,Grant,66
1961,Crystal,Kelly,66
1962,Michael,Walton,66
1963,Robert,Silva,66
1964,Alice,Moore,66
1965,Alan,Martin,66
1966,Carlos,Pennington,66
1967,Michael,Lawson,66
1968,Allison,Fletcher,66
1969,Carl,Jefferson,66
1970,Francisco,Conley,66
1971,Steven,Zimmerman,66
1972,Paul,Martin,66
1973,Denise,Kelly,66
1974,Robert,Watson,66
1975,Juan,King,66
1976,Dennis,Hamilton,66
1977,Amy,Lawson,66
1978,Richard,Everett,66
1979,Ethan,Carter,66
1980,Thomas,Shelton,66
