subject_ID,hours,subject,class_ID,book_ID,teacher_ID
1,1,Sport,1,Sport WSIP,37
2,2,Biology,1,Biology McGregor,1
3,3,Chemistry,1,Chemistry Pearson,5
4,2,Geography,1,Geography Pearson,9
5,6,Physics,1,Physics McGregor,13
6,6,Mathematics,1,Mathematics GWO,17
7,1,English,1,English Pearson,21
8,1,Polish,1,Polish WSIP,25
9,3,History,1,History WSIP,29
10,1,Informatics,1,Informatics McMillan,33
11,3,Sport,2,Sport Pearson,37
12,6,Biology,2,Biology Pearson,1
13,8,Chemistry,2,Chemistry GWO,5
14,1,Geography,2,Geography McMillan,9
15,3,Physics,2,Physics McGregor,13
16,2,Mathematics,2,Mathematics Pearson,17
17,3,English,2,English WSIP,21
18,3,Polish,2,Polish McGregor,25
19,1,History,2,History GWO,29
20,2,Informatics,2,Informatics McMillan,33
21,2,Sport,3,Sport GWO,37
22,1,Biology,3,Biology McGregor,1
23,1,Chemistry,3,Chemistry GWO,5
24,3,Geography,3,Geography GWO,9
25,3,Physics,3,Physics McMillan,13
26,3,Mathematics,3,Mathematics McMillan,17
27,1,English,3,English McGregor,21
28,7,Polish,3,Polish McGregor,25
29,6,History,3,History WSIP,29
30,3,Informatics,3,Informatics GWO,33
31,3,Sport,4,Sport WSIP,37
32,2,Biology,4,Biology McGregor,1
33,1,Chemistry,4,Chemistry McGregor,5
34,6,Geography,4,Geography Pearson,9
35,2,Physics,4,Physics McMillan,13
36,7,Mathematics,4,Mathematics McMillan,17
37,1,English,4,English McMillan,21
38,1,Polish,4,Polish WSIP,25
39,1,History,4,History WSIP,29
40,2,Informatics,4,Informatics GWO,33
41,2,Sport,5,Sport McMillan,37
42,1,Biology,5,Biology Pearson,1
43,3,Chemistry,5,Chemistry McMillan,5
44,3,Geography,5,Geography McMillan,9
45,1,Physics,5,Physics McMillan,13
46,8,Mathematics,5,Mathematics WSIP,17
47,1,English,5,English McMillan,21
48,1,Polish,5,Polish McGregor,25
49,1,History,5,History WSIP,29
50,8,Informatics,5,Informatics McGregor,33
51,2,Sport,6,Sport Pearson,37
52,2,Biology,6,Biology WSIP,1
53,8,Chemistry,6,Chemistry Pearson,5
54,1,Geography,6,Geography McMillan,9
55,2,Physics,6,Physics GWO,13
56,6,Mathematics,6,Mathematics McGregor,17
57,3,English,6,English McGregor,21
58,2,Polish,6,Polish McGregor,25
59,2,History,6,History GWO,29
60,2,Informatics,6,Informatics Pearson,33
61,2,Sport,7,Sport Pearson,37
62,2,Biology,7,Biology GWO,2
63,1,Chemistry,7,Chemistry GWO,6
64,3,Geography,7,Geography McGregor,10
65,6,Physics,7,Physics GWO,14
66,6,Mathematics,7,Mathematics GWO,18
67,3,English,7,English McGregor,22
68,1,Polish,7,Polish McGregor,26
69,3,History,7,History McMillan,30
70,1,Informatics,7,Informatics WSIP,34
71,1,Sport,8,Sport McGregor,37
72,8,Biology,8,Biology McGregor,2
73,6,Chemistry,8,Chemistry WSIP,6
74,2,Geography,8,Geography McGregor,10
75,2,Physics,8,Physics McGregor,14
76,1,Mathematics,8,Mathematics Pearson,18
77,1,English,8,English McMillan,22
78,3,Polish,8,Polish GWO,26
79,2,History,8,History McMillan,30
80,1,Informatics,8,Informatics GWO,34
81,1,Sport,9,Sport McMillan,37
82,2,Biology,9,Biology McMillan,2
83,3,Chemistry,9,Chemistry McGregor,6
84,2,Geography,9,Geography GWO,10
85,1,Physics,9,Physics GWO,14
86,1,Mathematics,9,Mathematics McGregor,18
87,1,English,9,English McGregor,22
88,8,Polish,9,Polish McMillan,26
89,7,History,9,History McGregor,30
90,1,Informatics,9,Informatics GWO,34
91,3,Sport,10,Sport WSIP,37
92,3,Biology,10,Biology Pearson,2
93,3,Chemistry,10,Chemistry McGregor,6
94,8,Geography,10,Geography GWO,10
95,3,Physics,10,Physics GWO,14
96,8,Mathematics,10,Mathematics McGregor,18
97,2,English,10,English WSIP,22
98,2,Polish,10,Polish Pearson,26
99,2,History,10,History McMillan,30
100,2,Informatics,10,Informatics WSIP,34
101,1,Sport,11,Sport WSIP,37
102,2,Biology,11,Biology WSIP,2
103,3,Chemistry,11,Chemistry McMillan,6
104,3,Geography,11,Geography McGregor,10
105,1,Physics,11,Physics GWO,14
106,6,Mathematics,11,Mathematics GWO,18
107,1,English,11,English Pearson,22
108,2,Polish,11,Polish WSIP,26
109,3,History,11,History Pearson,30
110,7,Informatics,11,Informatics McGregor,34
111,1,Sport,12,Sport Pearson,37
112,1,Biology,12,Biology McGregor,2
113,7,Chemistry,12,Chemistry McMillan,6
114,2,Geography,12,Geography Pearson,10
115,3,Physics,12,Physics McGregor,14
116,7,Mathematics,12,Mathematics Pearson,18
117,2,English,12,English McMillan,22
118,1,Polish,12,Polish Pearson,26
119,3,History,12,History Pearson,30
120,3,Informatics,12,Informatics Pearson,34
121,1,Sport,13,Sport WSIP,37
122,3,Biology,13,Biology WSIP,3
123,2,Chemistry,13,Chemistry WSIP,7
124,2,Geography,13,Geography McGregor,11
125,6,Physics,13,Physics Pearson,15
126,7,Mathematics,13,Mathematics WSIP,19
127,1,English,13,English WSIP,23
128,3,Polish,13,Polish WSIP,27
129,2,History,13,History GWO,31
130,1,Informatics,13,Informatics McMillan,35
131,2,Sport,14,Sport GWO,37
132,7,Biology,14,Biology McMillan,3
133,6,Chemistry,14,Chemistry GWO,7
134,3,Geography,14,Geography Pearson,11
135,3,Physics,14,Physics Pearson,15
136,3,Mathematics,14,Mathematics Pearson,19
137,2,English,14,English GWO,23
138,3,Polish,14,Polish GWO,27
139,2,History,14,History GWO,31
140,2,Informatics,14,Informatics WSIP,35
141,1,Sport,15,Sport GWO,37
142,2,Biology,15,Biology McMillan,3
143,2,Chemistry,15,Chemistry Pearson,7
144,1,Geography,15,Geography McMillan,11
145,2,Physics,15,Physics GWO,15
146,3,Mathematics,15,Mathematics GWO,19
147,2,English,15,English GWO,23
148,7,Polish,15,Polish WSIP,27
149,6,History,15,History McGregor,31
150,1,Informatics,15,Informatics WSIP,35
151,2,Sport,16,Sport GWO,37
152,2,Biology,16,Biology McMillan,3
153,2,Chemistry,16,Chemistry GWO,7
154,7,Geography,16,Geography GWO,11
155,1,Physics,16,Physics Pearson,15
156,7,Mathematics,16,Mathematics McGregor,19
157,1,English,16,English McGregor,23
158,3,Polish,16,Polish WSIP,27
159,3,History,16,History WSIP,31
160,3,Informatics,16,Informatics McMillan,35
161,1,Sport,17,Sport WSIP,37
162,3,Biology,17,Biology GWO,3
163,1,Chemistry,17,Chemistry Pearson,7
164,3,Geography,17,Geography McMillan,11
165,2,Physics,17,Physics Pearson,15
166,7,Mathematics,17,Mathematics GWO,19
167,3,English,17,English WSIP,23
168,2,Polish,17,Polish WSIP,27
169,3,History,17,History McMillan,31
170,8,Informatics,17,Informatics McMillan,35
171,2,Sport,18,Sport GWO,37
172,3,Biology,18,Biology McGregor,3
173,6,Chemistry,18,Chemistry GWO,7
174,3,Geography,18,Geography GWO,11
175,3,Physics,18,Physics McMillan,15
176,6,Mathematics,18,Mathematics WSIP,19
177,1,English,18,English McMillan,23
178,3,Polish,18,Polish WSIP,27
179,2,History,18,History WSIP,31
180,2,Informatics,18,Informatics McGregor,35
181,3,Sport,19,Sport Pearson,37
182,3,Biology,19,Biology Pearson,4
183,1,Chemistry,19,Chemistry WSIP,8
184,2,Geography,19,Geography WSIP,12
185,6,Physics,19,Physics GWO,16
186,7,Mathematics,19,Mathematics GWO,20
187,2,English,19,English McMillan,24
188,2,Polish,19,Polish Pearson,28
189,3,History,19,History GWO,32
190,1,Informatics,19,Informatics McGregor,36
191,2,Sport,20,Sport McMillan,37
192,8,Biology,20,Biology Pearson,4
193,8,Chemistry,20,Chemistry GWO,8
194,3,Geography,20,Geography GWO,12
195,1,Physics,20,Physics McGregor,16
196,3,Mathematics,20,Mathematics GWO,20
197,2,English,20,English McGregor,24
198,3,Polish,20,Polish Pearson,28
199,2,History,20,History McMillan,32
200,2,Informatics,20,Informatics WSIP,36
201,2,Sport,21,Sport GWO,37
202,3,Biology,21,Biology McGregor,4
203,1,Chemistry,21,Chemistry Pearson,8
204,2,Geography,21,Geography WSIP,12
205,1,Physics,21,Physics WSIP,16
206,3,Mathematics,21,Mathematics McMillan,20
207,3,English,21,English McMillan,24
208,8,Polish,21,Polish McGregor,28
209,6,History,21,History WSIP,32
210,2,Informatics,21,Informatics McMillan,36
211,1,Sport,22,Sport GWO,37
212,3,Biology,22,Biology McMillan,4
213,2,Chemistry,22,Chemistry McMillan,8
214,7,Geography,22,Geography McMillan,12
215,2,Physics,22,Physics Pearson,16
216,8,Mathematics,22,Mathematics McGregor,20
217,3,English,22,English WSIP,24
218,3,Polish,22,Polish McGregor,28
219,1,History,22,History WSIP,32
220,1,Informatics,22,Informatics GWO,36
221,1,Sport,23,Sport McGregor,37
222,3,Biology,23,Biology Pearson,4
223,3,Chemistry,23,Chemistry McGregor,8
224,2,Geography,23,Geography WSIP,12
225,2,Physics,23,Physics GWO,16
226,7,Mathematics,23,Mathematics WSIP,20
227,1,English,23,English McGregor,24
228,3,Polish,23,Polish McMillan,28
229,1,History,23,History McGregor,32
230,7,Informatics,23,Informatics McMillan,36
231,3,Sport,24,Sport McMillan,37
232,3,Biology,24,Biology McMillan,4
233,6,Chemistry,24,Chemistry McMillan,8
234,3,Geography,24,Geography McMillan,12
235,2,Physics,24,Physics GWO,16
236,6,Mathematics,24,Mathematics WSIP,20
237,1,English,24,English GWO,24
238,1,Polish,24,Polish McMillan,28
239,1,History,24,History McGregor,32
240,2,Informatics,24,Informatics WSIP,36
241,2,Sport,25,Sport McGregor,37
242,1,Biology,25,Biology Pearson,1
243,2,Chemistry,25,Chemistry WSIP,5
244,3,Geography,25,Geography McGregor,9
245,8,Physics,25,Physics Pearson,13
246,6,Mathematics,25,Mathematics GWO,17
247,3,English,25,English GWO,21
248,2,Polish,25,Polish McGregor,25
249,2,History,25,History WSIP,29
250,3,Informatics,25,Informatics GWO,33
251,2,Sport,26,Sport GWO,37
252,7,Biology,26,Biology WSIP,1
253,6,Chemistry,26,Chemistry GWO,5
254,1,Geography,26,Geography GWO,9
255,2,Physics,26,Physics WSIP,13
256,1,Mathematics,26,Mathematics McGregor,17
257,3,English,26,English McMillan,21
258,1,Polish,26,Polish Pearson,25
259,2,History,26,History Pearson,29
260,1,Informatics,26,Informatics McMillan,33
261,3,Sport,27,Sport McGregor,37
262,2,Biology,27,Biology WSIP,1
263,2,Chemistry,27,Chemistry McGregor,5
264,3,Geography,27,Geography McGregor,9
265,3,Physics,27,Physics GWO,13
266,3,Mathematics,27,Mathematics McGregor,17
267,2,English,27,English GWO,21
268,8,Polish,27,Polish Pearson,25
269,7,History,27,History McMillan,29
270,3,Informatics,27,Informatics McMillan,33
271,2,Sport,28,Sport McGregor,37
272,3,Biology,28,Biology McGregor,1
273,2,Chemistry,28,Chemistry McMillan,5
274,8,Geography,28,Geography McGregor,9
275,2,Physics,28,Physics Pearson,13
276,8,Mathematics,28,Mathematics WSIP,17
277,3,English,28,English McMillan,21
278,3,Polish,28,Polish McMillan,25
279,2,History,28,History Pearson,29
280,3,Informatics,28,Informatics Pearson,33
281,2,Sport,29,Sport McMillan,37
282,1,Biology,29,Biology McMillan,1
283,1,Chemistry,29,Chemistry WSIP,5
284,3,Geography,29,Geography WSIP,9
285,2,Physics,29,Physics McMillan,13
286,6,Mathematics,29,Mathematics McGregor,17
287,2,English,29,English McMillan,21
288,2,Polish,29,Polish McMillan,25
289,2,History,29,History WSIP,29
290,7,Informatics,29,Informatics WSIP,33
291,3,Sport,30,Sport McMillan,37
292,3,Biology,30,Biology WSIP,1
293,8,Chemistry,30,Chemistry McGregor,5
294,3,Geography,30,Geography WSIP,9
295,3,Physics,30,Physics Pearson,13
296,8,Mathematics,30,Mathematics McMillan,17
297,3,English,30,English McGregor,21
298,2,Polish,30,Polish Pearson,25
299,1,History,30,History GWO,29
300,2,Informatics,30,Informatics McMillan,33
301,3,Sport,31,Sport Pearson,37
302,1,Biology,31,Biology GWO,2
303,2,Chemistry,31,Chemistry WSIP,6
304,3,Geography,31,Geography Pearson,10
305,6,Physics,31,Physics McGregor,14
306,6,Mathematics,31,Mathematics McMillan,18
307,3,English,31,English Pearson,22
308,3,Polish,31,Polish Pearson,26
309,1,History,31,History WSIP,30
310,1,Informatics,31,Informatics McMillan,34
311,2,Sport,32,Sport Pearson,37
312,8,Biology,32,Biology McGregor,2
313,7,Chemistry,32,Chemistry McGregor,6
314,3,Geography,32,Geography WSIP,10
315,2,Physics,32,Physics GWO,14
316,1,Mathematics,32,Mathematics Pearson,18
317,2,English,32,English WSIP,22
318,2,Polish,32,Polish WSIP,26
319,1,History,32,History McGregor,30
320,2,Informatics,32,Informatics Pearson,34
321,3,Sport,33,Sport Pearson,37
322,2,Biology,33,Biology McMillan,2
323,1,Chemistry,33,Chemistry WSIP,6
324,1,Geography,33,Geography WSIP,10
325,2,Physics,33,Physics GWO,14
326,3,Mathematics,33,Mathematics McMillan,18
327,2,English,33,English WSIP,22
328,8,Polish,33,Polish McGregor,26
329,8,History,33,History Pearson,30
330,1,Informatics,33,Informatics McMillan,34
331,3,Sport,34,Sport McMillan,37
332,3,Biology,34,Biology Pearson,2
333,3,Chemistry,34,Chemistry McGregor,6
334,6,Geography,34,Geography McMillan,10
335,3,Physics,34,Physics McMillan,14
336,7,Mathematics,34,Mathematics McGregor,18
337,2,English,34,English McGregor,22
338,3,Polish,34,Polish McMillan,26
339,1,History,34,History Pearson,30
340,2,Informatics,34,Informatics GWO,34
341,1,Sport,35,Sport McMillan,37
342,1,Biology,35,Biology McGregor,2
343,3,Chemistry,35,Chemistry McMillan,6
344,1,Geography,35,Geography WSIP,10
345,1,Physics,35,Physics McMillan,14
346,7,Mathematics,35,Mathematics McGregor,18
347,3,English,35,English GWO,22
348,2,Polish,35,Polish Pearson,26
349,2,History,35,History GWO,30
350,8,Informatics,35,Informatics GWO,34
351,1,Sport,36,Sport McMillan,37
352,1,Biology,36,Biology Pearson,2
353,8,Chemistry,36,Chemistry McGregor,6
354,1,Geography,36,Geography WSIP,10
355,3,Physics,36,Physics GWO,14
356,8,Mathematics,36,Mathematics Pearson,18
357,2,English,36,English McGregor,22
358,2,Polish,36,Polish WSIP,26
359,3,History,36,History GWO,30
360,1,Informatics,36,Informatics WSIP,34
361,2,Sport,37,Sport GWO,37
362,3,Biology,37,Biology GWO,3
363,3,Chemistry,37,Chemistry McMillan,7
364,2,Geography,37,Geography Pearson,11
365,6,Physics,37,Physics GWO,15
366,7,Mathematics,37,Mathematics Pearson,19
367,3,English,37,English McMillan,23
368,2,Polish,37,Polish McGregor,27
369,2,History,37,History Pearson,31
370,1,Informatics,37,Informatics GWO,35
371,3,Sport,38,Sport McMillan,37
372,8,Biology,38,Biology McMillan,3
373,7,Chemistry,38,Chemistry WSIP,7
374,3,Geography,38,Geography GWO,11
375,1,Physics,38,Physics GWO,15
376,1,Mathematics,38,Mathematics Pearson,19
377,3,English,38,English WSIP,23
378,3,Polish,38,Polish McMillan,27
379,2,History,38,History McGregor,31
380,3,Informatics,38,Informatics GWO,35
381,1,Sport,39,Sport GWO,37
382,3,Biology,39,Biology WSIP,3
383,3,Chemistry,39,Chemistry GWO,7
384,1,Geography,39,Geography GWO,11
385,3,Physics,39,Physics GWO,15
386,1,Mathematics,39,Mathematics WSIP,19
387,2,English,39,English McGregor,23
388,6,Polish,39,Polish McGregor,27
389,6,History,39,History McMillan,31
390,3,Informatics,39,Informatics Pearson,35
391,3,Sport,40,Sport McGregor,37
392,1,Biology,40,Biology McMillan,3
393,2,Chemistry,40,Chemistry McMillan,7
394,6,Geography,40,Geography GWO,11
395,2,Physics,40,Physics Pearson,15
396,7,Mathematics,40,Mathematics McMillan,19
397,2,English,40,English WSIP,23
398,3,Polish,40,Polish WSIP,27
399,1,History,40,History Pearson,31
400,3,Informatics,40,Informatics GWO,35
401,1,Sport,41,Sport McGregor,37
402,2,Biology,41,Biology McMillan,3
403,1,Chemistry,41,Chemistry Pearson,7
404,3,Geography,41,Geography WSIP,11
405,1,Physics,41,Physics Pearson,15
406,7,Mathematics,41,Mathematics McMillan,19
407,3,English,41,English WSIP,23
408,3,Polish,41,Polish McMillan,27
409,3,History,41,History McGregor,31
410,6,Informatics,41,Informatics WSIP,35
411,1,Sport,42,Sport WSIP,37
412,2,Biology,42,Biology McMillan,3
413,8,Chemistry,42,Chemistry McMillan,7
414,1,Geography,42,Geography GWO,11
415,3,Physics,42,Physics McMillan,15
416,6,Mathematics,42,Mathematics WSIP,19
417,2,English,42,English GWO,23
418,3,Polish,42,Polish WSIP,27
419,1,History,42,History WSIP,31
420,2,Informatics,42,Informatics Pearson,35
421,2,Sport,43,Sport GWO,37
422,3,Biology,43,Biology WSIP,4
423,3,Chemistry,43,Chemistry WSIP,8
424,2,Geography,43,Geography McMillan,12
425,6,Physics,43,Physics McMillan,16
426,8,Mathematics,43,Mathematics McMillan,20
427,2,English,43,English McGregor,24
428,1,Polish,43,Polish GWO,28
429,1,History,43,History WSIP,32
430,2,Informatics,43,Informatics WSIP,36
431,1,Sport,44,Sport McGregor,37
432,6,Biology,44,Biology GWO,4
433,6,Chemistry,44,Chemistry GWO,8
434,2,Geography,44,Geography GWO,12
435,3,Physics,44,Physics WSIP,16
436,3,Mathematics,44,Mathematics WSIP,20
437,3,English,44,English McGregor,24
438,2,Polish,44,Polish GWO,28
439,3,History,44,History WSIP,32
440,3,Informatics,44,Informatics GWO,36
441,2,Sport,45,Sport Pearson,37
442,1,Biology,45,Biology Pearson,4
443,3,Chemistry,45,Chemistry WSIP,8
444,2,Geography,45,Geography GWO,12
445,1,Physics,45,Physics McGregor,16
446,1,Mathematics,45,Mathematics Pearson,20
447,2,English,45,English Pearson,24
448,8,Polish,45,Polish Pearson,28
449,7,History,45,History McMillan,32
450,2,Informatics,45,Informatics McGregor,36
451,1,Sport,46,Sport Pearson,37
452,1,Biology,46,Biology Pearson,4
453,3,Chemistry,46,Chemistry McMillan,8
454,6,Geography,46,Geography McGregor,12
455,2,Physics,46,Physics WSIP,16
456,7,Mathematics,46,Mathematics McGregor,20
457,3,English,46,English Pearson,24
458,1,Polish,46,Polish McGregor,28
459,3,History,46,History Pearson,32
460,2,Informatics,46,Informatics GWO,36
461,2,Sport,47,Sport Pearson,37
462,2,Biology,47,Biology Pearson,4
463,3,Chemistry,47,Chemistry McMillan,8
464,2,Geography,47,Geography McGregor,12
465,3,Physics,47,Physics Pearson,16
466,7,Mathematics,47,Mathematics McMillan,20
467,2,English,47,English McMillan,24
468,1,Polish,47,Polish McMillan,28
469,1,History,47,History McMillan,32
470,8,Informatics,47,Informatics WSIP,36
471,2,Sport,48,Sport Pearson,37
472,2,Biology,48,Biology Pearson,4
473,8,Chemistry,48,Chemistry McMillan,8
474,2,Geography,48,Geography WSIP,12
475,2,Physics,48,Physics WSIP,16
476,7,Mathematics,48,Mathematics McMillan,20
477,3,English,48,English McMillan,24
478,1,Polish,48,Polish Pearson,28
479,1,History,48,History McMillan,32
480,2,Informatics,48,Informatics WSIP,36
481,2,Sport,49,Sport McGregor,37
482,2,Biology,49,Biology WSIP,1
483,3,Chemistry,49,Chemistry WSIP,5
484,1,Geography,49,Geography Pearson,9
485,6,Physics,49,Physics GWO,13
486,6,Mathematics,49,Mathematics McGregor,17
487,3,English,49,English GWO,21
488,2,Polish,49,Polish GWO,25
489,2,History,49,History McGregor,29
490,2,Informatics,49,Informatics McGregor,33
491,2,Sport,50,Sport WSIP,37
492,6,Biology,50,Biology WSIP,1
493,7,Chemistry,50,Chemistry GWO,5
494,3,Geography,50,Geography McGregor,9
495,2,Physics,50,Physics McGregor,13
496,3,Mathematics,50,Mathematics WSIP,17
497,2,English,50,English McMillan,21
498,1,Polish,50,Polish McMillan,25
499,2,History,50,History Pearson,29
500,2,Informatics,50,Informatics Pearson,33
501,1,Sport,51,Sport Pearson,37
502,3,Biology,51,Biology McGregor,1
503,2,Chemistry,51,Chemistry WSIP,5
504,1,Geography,51,Geography McMillan,9
505,1,Physics,51,Physics McGregor,13
506,1,Mathematics,51,Mathematics GWO,17
507,2,English,51,English GWO,21
508,8,Polish,51,Polish McGregor,25
509,6,History,51,History WSIP,29
510,3,Informatics,51,Informatics Pearson,33
511,2,Sport,52,Sport WSIP,37
512,3,Biology,52,Biology GWO,1
513,2,Chemistry,52,Chemistry Pearson,5
514,8,Geography,52,Geography Pearson,9
515,1,Physics,52,Physics McMillan,13
516,8,Mathematics,52,Mathematics McGregor,17
517,2,English,52,English Pearson,21
518,2,Polish,52,Polish WSIP,25
519,3,History,52,History McMillan,29
520,1,Informatics,52,Informatics McGregor,33
521,2,Sport,53,Sport WSIP,37
522,3,Biology,53,Biology McMillan,1
523,2,Chemistry,53,Chemistry McGregor,5
524,3,Geography,53,Geography WSIP,9
525,1,Physics,53,Physics McMillan,13
526,7,Mathematics,53,Mathematics GWO,17
527,2,English,53,English WSIP,21
528,2,Polish,53,Polish WSIP,25
529,3,History,53,History Pearson,29
530,6,Informatics,53,Informatics WSIP,33
531,3,Sport,54,Sport GWO,37
532,3,Biology,54,Biology GWO,1
533,6,Chemistry,54,Chemistry McMillan,5
534,1,Geography,54,Geography WSIP,9
535,2,Physics,54,Physics McGregor,13
536,7,Mathematics,54,Mathematics WSIP,17
537,1,English,54,English Pearson,21
538,2,Polish,54,Polish WSIP,25
539,2,History,54,History Pearson,29
540,1,Informatics,54,Informatics GWO,33
541,1,Sport,55,Sport McMillan,37
542,2,Biology,55,Biology McGregor,2
543,2,Chemistry,55,Chemistry WSIP,6
544,2,Geography,55,Geography McMillan,10
545,8,Physics,55,Physics GWO,14
546,6,Mathematics,55,Mathematics Pearson,18
547,3,English,55,English McMillan,22
548,2,Polish,55,Polish WSIP,26
549,2,History,55,History Pearson,30
550,3,Informatics,55,Informatics Pearson,34
551,2,Sport,56,Sport McGregor,37
552,7,Biology,56,Biology McGregor,2
553,6,Chemistry,56,Chemistry GWO,6
554,3,Geography,56,Geography McGregor,10
555,1,Physics,56,Physics Pearson,14
556,1,Mathematics,56,Mathematics McGregor,18
557,2,English,56,English WSIP,22
558,3,Polish,56,Polish McMillan,26
559,3,History,56,History McGregor,30
560,2,Informatics,56,Informatics McMillan,34
561,2,Sport,57,Sport WSIP,37
562,2,Biology,57,Biology Pearson,2
563,2,Chemistry,57,Chemistry Pearson,6
564,3,Geography,57,Geography Pearson,10
565,2,Physics,57,Physics McMillan,14
566,2,Mathematics,57,Mathematics GWO,18
567,2,English,57,English Pearson,22
568,6,Polish,57,Polish GWO,26
569,8,History,57,History McGregor,30
570,1,Informatics,57,Informatics Pearson,34
571,3,Sport,58,Sport GWO,37
572,1,Biology,58,Biology McMillan,2
573,1,Chemistry,58,Chemistry WSIP,6
574,6,Geography,58,Geography McMillan,10
575,1,Physics,58,Physics GWO,14
576,8,Mathematics,58,Mathematics McGregor,18
577,3,English,58,English McMillan,22
578,1,Polish,58,Polish McMillan,26
579,1,History,58,History GWO,30
580,1,Informatics,58,Informatics McGregor,34
581,2,Sport,59,Sport GWO,37
582,3,Biology,59,Biology GWO,2
583,1,Chemistry,59,Chemistry Pearson,6
584,2,Geography,59,Geography WSIP,10
585,3,Physics,59,Physics McMillan,14
586,8,Mathematics,59,Mathematics GWO,18
587,2,English,59,English McMillan,22
588,2,Polish,59,Polish GWO,26
589,2,History,59,History McMillan,30
590,6,Informatics,59,Informatics Pearson,34
591,3,Sport,60,Sport McMillan,37
592,3,Biology,60,Biology McGregor,2
593,6,Chemistry,60,Chemistry Pearson,6
594,3,Geography,60,Geography McGregor,10
595,3,Physics,60,Physics McGregor,14
596,7,Mathematics,60,Mathematics McGregor,18
597,2,English,60,English GWO,22
598,3,Polish,60,Polish McGregor,26
599,3,History,60,History Pearson,30
600,3,Informatics,60,Informatics McGregor,34
601,1,Sport,61,Sport WSIP,37
602,3,Biology,61,Biology Pearson,3
603,3,Chemistry,61,Chemistry WSIP,7
604,1,Geography,61,Geography GWO,11
605,7,Physics,61,Physics McMillan,15
606,6,Mathematics,61,Mathematics GWO,19
607,3,English,61,English GWO,23
608,3,Polish,61,Polish McMillan,27
609,3,History,61,History McGregor,31
610,3,Informatics,61,Informatics WSIP,35
611,1,Sport,62,Sport WSIP,37
612,7,Biology,62,Biology McGregor,3
613,7,Chemistry,62,Chemistry McMillan,7
614,1,Geography,62,Geography WSIP,11
615,2,Physics,62,Physics McGregor,15
616,1,Mathematics,62,Mathematics WSIP,19
617,2,English,62,English Pearson,23
618,1,Polish,62,Polish WSIP,27
619,1,History,62,History GWO,31
620,1,Informatics,62,Informatics McGregor,35
621,3,Sport,63,Sport Pearson,37
622,2,Biology,63,Biology McGregor,3
623,2,Chemistry,63,Chemistry McMillan,7
624,2,Geography,63,Geography GWO,11
625,3,Physics,63,Physics WSIP,15
626,2,Mathematics,63,Mathematics WSIP,19
627,2,English,63,English Pearson,23
628,8,Polish,63,Polish McMillan,27
629,8,History,63,History McGregor,31
630,3,Informatics,63,Informatics Pearson,35
631,2,Sport,64,Sport Pearson,37
632,1,Biology,64,Biology McGregor,3
633,2,Chemistry,64,Chemistry McGregor,7
634,7,Geography,64,Geography McGregor,11
635,2,Physics,64,Physics WSIP,15
636,8,Mathematics,64,Mathematics McMillan,19
637,3,English,64,English WSIP,23
638,1,Polish,64,Polish McGregor,27
639,1,History,64,History McGregor,31
640,2,Informatics,64,Informatics WSIP,35
641,1,Sport,65,Sport GWO,37
642,3,Biology,65,Biology Pearson,3
643,3,Chemistry,65,Chemistry McGregor,7
644,1,Geography,65,Geography McGregor,11
645,3,Physics,65,Physics Pearson,15
646,6,Mathematics,65,Mathematics WSIP,19
647,3,English,65,English McGregor,23
648,2,Polish,65,Polish McGregor,27
649,1,History,65,History GWO,31
650,8,Informatics,65,Informatics Pearson,35
651,2,Sport,66,Sport Pearson,37
652,3,Biology,66,Biology Pearson,3
653,8,Chemistry,66,Chemistry GWO,7
654,2,Geography,66,Geography WSIP,11
655,3,Physics,66,Physics McMillan,15
656,7,Mathematics,66,Mathematics Pearson,19
657,3,English,66,English McGregor,23
658,3,Polish,66,Polish McGregor,27
659,2,History,66,History Pearson,31
660,2,Informatics,66,Informatics McMillan,35
