teacher_ID,name,surname
1,Jessica,George
2,Shawn,Carr
3,Wesley,Silva
4,Amanda,Ross
5,Oscar,Watts
6,Dawn,Fields
7,Claudia,Bowers
8,Brian,Donaldson
9,Roger,Hammond
10,Brian,Pierce
11,Paul,Fritz
12,Sarah,Cooper
13,Marie,Hood
14,Anna,Walker
15,Jasmine,Mays
16,Victoria,Bruce
17,Ronald,Hurst
18,Danielle,Smith
19,John,Simpson
20,Frederick,Mclaughlin
21,Jeanne,Harris
22,Keith,Rivera
23,Matthew,Jimenez
24,Curtis,Barr
25,Brian,Torres
26,Gregory,Vega
27,Nancy,Duncan
28,Kaitlin,Ali
29,Stephanie,Hansen
30,Patrick,Alvarez
31,Teresa,Vaughn
32,Lindsey,Diaz
33,Gina,Espinoza
34,Jason,Greene
35,William,Benitez
36,Melissa,Blair
37,Jessica,Lucas
