student_ID,name,surname,class_ID
1,Pamela,Rodriguez,1
2,Billy,Fowler,1
3,Lisa,Fritz,1
4,Christina,Brooks,1
5,Jessica,Weber,1
6,Ryan,Ramirez,1
7,Bradley,Reynolds,1
8,Angel,Thompson,1
9,Kenneth,Fuller,1
10,Richard,Austin,1
11,Alicia,Lowery,1
12,Kelly,Strickland,1
13,Amy,White,1
14,Cristian,Hernandez,1
15,Nathan,Mcconnell,1
16,Kathleen,Jacobs,1
17,Scott,White,1
18,Jimmy,Gallagher,1
19,Heidi,Williams,1
20,Elizabeth,Simon,1
21,Donna,Zavala,1
22,Amy,King,1
23,Max,Juarez,1
24,Jennifer,Wolfe,1
25,Scott,Vasquez,1
26,Cody,Powell,1
27,Rebecca,Brooks,1
28,William,Russell,1
29,Jeremy,Robinson,1
30,Darlene,Davis,1
31,James,Martin,2
32,Melinda,Bates,2
33,Matthew,Branch,2
34,Destiny,Cortez,2
35,Margaret,Torres,2
36,Patrick,Gonzalez,2
37,Timothy,Holmes,2
38,Hannah,Frank,2
39,Allen,Novak,2
40,Lauren,Lee,2
41,Keith,Cox,2
42,Tina,Joseph,2
43,Lindsey,Drake,2
44,Melissa,Haley,2
45,Angel,Saunders,2
46,Patricia,Villa,2
47,Jill,Wilson,2
48,Valerie,Bradley,2
49,Michelle,Adams,2
50,Renee,Crawford,2
51,Robert,Price,2
52,Christine,Hill,2
53,Nicholas,Suarez,2
54,Charles,Smith,2
55,Jonathan,Wilson,2
56,Derrick,Schneider,2
57,Stephanie,Erickson,2
58,Ashley,Henderson,2
59,David,Payne,2
60,Heather,Evans,2
61,Kristin,Rosario,3
62,Joshua,Gordon,3
63,Kimberly,Snyder,3
64,Dennis,Hood,3
65,Bonnie,Spencer,3
66,Bridget,Palmer,3
67,Elizabeth,Bird,3
68,Craig,Dalton,3
69,Elizabeth,Silva,3
70,Roberto,Chambers,3
71,Eric,English,3
72,Mary,Stewart,3
73,Katherine,Kelly,3
74,David,Delgado,3
75,David,Carter,3
76,Gabrielle,Young,3
77,Daniel,Davis,3
78,James,Johnson,3
79,Jeremy,Nelson,3
80,Samantha,Reed,3
81,Brian,Jones,3
82,Tyler,Webb,3
83,Debra,Morris,3
84,Patrick,Arnold,3
85,Olivia,Ball,3
86,Laura,Finley,3
87,Edward,Wilson,3
88,Laura,Adams,3
89,Lisa,Long,3
90,Sarah,Bennett,3
91,Isabel,Crawford,4
92,Karen,Carpenter,4
93,Christina,Greene,4
94,Cody,Foster,4
95,Jacqueline,Curry,4
96,Evelyn,Moreno,4
97,David,Brown,4
98,Michael,Mills,4
99,Sandra,Wells,4
100,Rachel,Pace,4
101,Andrew,Beck,4
102,Jacob,Oliver,4
103,Pamela,Rangel,4
104,Dawn,Nelson,4
105,Amanda,Mathis,4
106,Luis,Bowen,4
107,Joseph,Carrillo,4
108,Robert,Wheeler,4
109,Lindsey,Bailey,4
110,Kimberly,Hughes,4
111,Michael,Hurst,4
112,Ryan,Osborne,4
113,Sara,Delacruz,4
114,Jamie,Martin,4
115,Patricia,Newton,4
116,Kenneth,Smith,4
117,Olivia,Johnson,4
118,John,Nunez,4
119,Monique,Palmer,4
120,Angela,Miller,4
121,Michael,Fowler,5
122,Kim,Palmer,5
123,Jeffrey,Rodgers,5
124,Brett,Brown,5
125,George,Marquez,5
126,Kimberly,Durham,5
127,Ashley,Gonzalez,5
128,Laura,Townsend,5
129,Wendy,Swanson,5
130,Ryan,Shaffer,5
131,Rhonda,Landry,5
132,Troy,Davis,5
133,Melanie,Stuart,5
134,Travis,Nolan,5
135,Daniel,Day,5
136,Christine,Page,5
137,Lori,Blevins,5
138,Susan,Butler,5
139,Denise,Hicks,5
140,Nicholas,Molina,5
141,Samuel,White,5
142,Matthew,Gibson,5
143,Madeline,Dillon,5
144,Justin,Turner,5
145,Alicia,Harrison,5
146,Lisa,Rodriguez,5
147,Bryan,Davila,5
148,Heather,Brooks,5
149,Dawn,Johnson,5
150,Henry,Robbins,5
151,Tyler,Howell,6
152,Richard,Kelly,6
153,Jennifer,Garcia,6
154,Molly,Stewart,6
155,Karen,Wyatt,6
156,Kenneth,Sheppard,6
157,Jennifer,Rodgers,6
158,Christopher,Lyons,6
159,David,Scott,6
160,Mary,Johnson,6
161,Jacqueline,Kim,6
162,Jonathan,Diaz,6
163,Jimmy,Douglas,6
164,Monica,Mcmahon,6
165,Vincent,Mann,6
166,Edgar,Johnson,6
167,Johnny,Maynard,6
168,Allen,Rojas,6
169,Eric,Bishop,6
170,Nancy,Lyons,6
171,Kevin,Sanchez,6
172,Jesse,Mccormick,6
173,Austin,Woods,6
174,Cameron,Jones,6
175,Laura,Lewis,6
176,Robert,Green,6
177,Sarah,Hansen,6
178,Anna,Johnson,6
179,Mark,Gardner,6
180,Timothy,Harrington,6
181,Tammy,Davis,7
182,Sandra,Jones,7
183,Joseph,Ramirez,7
184,Phillip,Moore,7
185,Stephanie,Shepherd,7
186,Stephanie,Price,7
187,Amber,Randolph,7
188,Lynn,Harris,7
189,Andre,Randall,7
190,Keith,Herman,7
191,Antonio,Hall,7
192,Phillip,Rodriguez,7
193,Elizabeth,Oliver,7
194,Tracy,Clark,7
195,Kenneth,Kramer,7
196,Joseph,Chandler,7
197,Aaron,Hayes,7
198,Kimberly,Watts,7
199,Bruce,Mccormick,7
200,Kevin,Davidson,7
201,Riley,Kidd,7
202,Christine,Moore,7
203,Mark,Clark,7
204,Joel,Hicks,7
205,Eric,Mcdonald,7
206,Megan,Young,7
207,Patrick,Mccoy,7
208,Lauren,Rogers,7
209,Ashley,Curtis,7
210,Yvonne,Miller,7
211,Rebekah,Nelson,8
212,Regina,Edwards,8
213,Michael,Meyers,8
214,Luke,Collins,8
215,Karen,Olsen,8
216,Catherine,Ramos,8
217,Nicole,Richardson,8
218,Kenneth,Phillips,8
219,Ryan,Williams,8
220,Herbert,Walker,8
221,Susan,Strickland,8
222,Dillon,Porter,8
223,Erica,Hester,8
224,Jose,Ross,8
225,Troy,Patterson,8
226,Kelsey,Berry,8
227,Xavier,Mckinney,8
228,Tina,Montgomery,8
229,Virginia,Thomas,8
230,Katie,Morgan,8
231,Michael,Miller,8
232,Edward,Simpson,8
233,Elaine,Chapman,8
234,Stephen,Burnett,8
235,William,Ritter,8
236,Troy,Silva,8
237,Emily,Mcgee,8
238,April,Barnes,8
239,Jonathan,Jackson,8
240,Aaron,Newton,8
241,Jason,King,9
242,Stephanie,Gonzalez,9
243,Corey,Garcia,9
244,Chad,Lawrence,9
245,Christine,Grant,9
246,Eric,Johnson,9
247,Darren,Odonnell,9
248,Lori,Carney,9
249,Tiffany,Moreno,9
250,Scott,Newton,9
251,Samuel,Ellis,9
252,Steven,Stevenson,9
253,Jesse,Johnson,9
254,Lisa,Newton,9
255,Justin,Castaneda,9
256,Robert,Marshall,9
257,Anthony,Vaughn,9
258,William,Mccall,9
259,Adam,Holland,9
260,Jennifer,Black,9
261,Erica,Jimenez,9
262,Holly,Martinez,9
263,Melissa,Hernandez,9
264,Veronica,Frye,9
265,Andrea,Thomas,9
266,Traci,Garrett,9
267,Jennifer,Morris,9
268,Jacob,Martinez,9
269,Derek,Craig,9
270,Harold,Day,9
271,Cassidy,Arellano,10
272,Crystal,Meyer,10
273,Jennifer,Rosario,10
274,Jeffrey,Davis,10
275,Jesse,Stanton,10
276,Kathryn,Chavez,10
277,Aimee,Parker,10
278,Andrew,Smith,10
279,Amber,Jones,10
280,Bradley,Powers,10
281,Michael,Davis,10
282,Katrina,Bishop,10
283,William,Stephens,10
284,Brian,Payne,10
285,William,Marquez,10
286,Stacey,Hicks,10
287,Jacob,Vang,10
288,Michael,Jacobson,10
289,Anthony,Li,10
290,Heather,Harris,10
291,Kevin,Krause,10
292,Jeffery,Turner,10
293,Vanessa,Livingston,10
294,Samuel,Fernandez,10
295,Michelle,Wiggins,10
296,Mason,Hall,10
297,William,Chavez,10
298,Michelle,Anderson,10
299,Heather,Davis,10
300,Tina,Dudley,10
301,Vickie,Brown,11
302,Allison,Hughes,11
303,Kathryn,Kelley,11
304,Taylor,James,11
305,Nicole,Torres,11
306,Kimberly,Munoz,11
307,Michelle,Murphy,11
308,Erika,Escobar,11
309,Ricardo,Howe,11
310,Blake,Doyle,11
311,Patricia,Hinton,11
312,Robert,Howard,11
313,Kathryn,Fuller,11
314,Jason,Harris,11
315,Caleb,Brown,11
316,Sherry,Coleman,11
317,Casey,Snyder,11
318,Joseph,Carter,11
319,James,Welch,11
320,John,Jones,11
321,Pamela,Ritter,11
322,Sarah,Bryan,11
323,Mark,Owens,11
324,Jamie,Reese,11
325,Derrick,Cole,11
326,Elizabeth,Gates,11
327,Anna,Fisher,11
328,Diana,Baker,11
329,Isabel,Stafford,11
330,Mark,Kirk,11
331,Diana,Moore,12
332,Kelli,Miller,12
333,James,Schwartz,12
334,Erin,Ramirez,12
335,Amy,Johnson,12
336,Elizabeth,Nichols,12
337,Blake,Obrien,12
338,Danielle,Gomez,12
339,Jose,Martinez,12
340,Walter,Robertson,12
341,Marcus,Knight,12
342,John,Garza,12
343,Renee,Young,12
344,Victoria,Marquez,12
345,Elizabeth,Yang,12
346,Elizabeth,Kelly,12
347,Stephanie,Martin,12
348,Kaitlyn,Ward,12
349,Kimberly,Garcia,12
350,Theresa,Edwards,12
351,James,Garrett,12
352,Cathy,Clark,12
353,Jessica,Brown,12
354,Michael,Jacobson,12
355,Willie,Lewis,12
356,Michelle,Richmond,12
357,Courtney,Fischer,12
358,Jillian,Wright,12
359,James,Becker,12
360,Jennifer,Riley,12
361,James,Hurst,13
362,Nicholas,Morris,13
363,Suzanne,Brown,13
364,Kelsey,Holland,13
365,Jessica,Silva,13
366,Ernest,Mccarthy,13
367,Theresa,Shelton,13
368,Christy,Ewing,13
369,Cindy,Collins,13
370,Ashley,Frye,13
371,Karen,Wyatt,13
372,Terri,Lucas,13
373,Russell,Valdez,13
374,John,Mccann,13
375,Edward,Phillips,13
376,Cameron,Mcintyre,13
377,Darren,Miller,13
378,Jennifer,Robinson,13
379,Kyle,King,13
380,Heather,Fuller,13
381,Tiffany,Williams,13
382,Jim,Barnes,13
383,Michelle,Aguilar,13
384,Francisco,Holloway,13
385,Shawn,Yoder,13
386,Caleb,Mcneil,13
387,Adrian,Cross,13
388,Daniel,Hendrix,13
389,Tanya,Harris,13
390,Craig,Morris,13
391,Christopher,Wong,14
392,Michael,Hunter,14
393,Joseph,Espinoza,14
394,Andrew,Smith,14
395,Teresa,Dodson,14
396,Kimberly,Wade,14
397,Anna,Price,14
398,Tina,Franco,14
399,Zachary,Holmes,14
400,Jonathan,Jones,14
401,Rachel,Smith,14
402,Heather,Turner,14
403,Julie,Cisneros,14
404,Martin,Curtis,14
405,Jennifer,Burgess,14
406,Lauren,Hinton,14
407,Nicole,Torres,14
408,Jill,Decker,14
409,Savannah,Gutierrez,14
410,John,Fischer,14
411,Joseph,Wells,14
412,Christian,Fitzpatrick,14
413,Katherine,Smith,14
414,Scott,Sparks,14
415,Michael,Hernandez,14
416,Morgan,Thompson,14
417,William,Rodriguez,14
418,Jonathan,Henderson,14
419,Justin,Stout,14
420,Toni,Harmon,14
421,Jasmine,Dickson,15
422,Timothy,Michael,15
423,Sara,Oliver,15
424,Danielle,Walters,15
425,Kevin,Conner,15
426,Melissa,Sandoval,15
427,Nicole,Sanchez,15
428,Juan,Warner,15
429,Emily,Mitchell,15
430,Erica,Bell,15
431,Benjamin,Cook,15
432,Gregory,Duran,15
433,Jerry,Daniels,15
434,Tyrone,White,15
435,Lisa,Young,15
436,Brenda,Burnett,15
437,Larry,Hunter,15
438,Kathryn,Castro,15
439,Michael,Taylor,15
440,Barbara,Tran,15
441,Monica,Carroll,15
442,Jesse,Brown,15
443,Gregory,Parks,15
444,Jason,Hayes,15
445,Nathan,Underwood,15
446,Madison,Copeland,15
447,Heather,Mays,15
448,Anne,Hickman,15
449,Regina,Drake,15
450,Michael,Chambers,15
451,Madison,Doyle,16
452,Virginia,King,16
453,Katie,Robinson,16
454,Luis,Bush,16
455,Tami,Morales,16
456,Danielle,Lee,16
457,Colleen,Lopez,16
458,Erica,Hanson,16
459,Sheila,Mcdonald,16
460,Christopher,Montgomery,16
461,Tamara,Melendez,16
462,William,Robertson,16
463,Erin,Warren,16
464,Tyler,Serrano,16
465,Daniel,Burnett,16
466,Samantha,Mitchell,16
467,Steven,Fry,16
468,Toni,Perry,16
469,Sandra,Scott,16
470,Gregory,Prince,16
471,Daniel,Howard,16
472,Barbara,Hawkins,16
473,Bryan,Hill,16
474,Anthony,Mclean,16
475,Gerald,Harris,16
476,Kevin,Burch,16
477,Lori,Ruiz,16
478,Alexandra,Strong,16
479,Kristi,Duncan,16
480,Travis,Gordon,16
481,Susan,Campos,17
482,James,Coleman,17
483,James,Miller,17
484,Jimmy,Rogers,17
485,Natalie,Brown,17
486,Jennifer,Griffin,17
487,Amanda,Campbell,17
488,Annette,Cox,17
489,Katherine,Gardner,17
490,Hector,Haynes,17
491,Meagan,Becker,17
492,Scott,Fields,17
493,Abigail,Lopez,17
494,Angela,Butler,17
495,Donna,Brown,17
496,Anthony,Wilkerson,17
497,Joshua,Morrow,17
498,Robert,Miller,17
499,Dennis,Cline,17
500,Emily,Le,17
501,Donna,Cole,17
502,Kathryn,Morgan,17
503,Brett,Chapman,17
504,Troy,Salazar,17
505,Sharon,Ryan,17
506,April,Lopez,17
507,Frances,Carroll,17
508,Jason,Evans,17
509,Kristen,Jones,17
510,Matthew,Glenn,17
511,Ashley,Payne,18
512,Rhonda,Ramos,18
513,Claudia,Norris,18
514,Renee,Johnson,18
515,Matthew,Morris,18
516,Sandra,Pratt,18
517,Gerald,Guzman,18
518,Matthew,Randall,18
519,Jasmine,Erickson,18
520,Stephen,Vargas,18
521,Michelle,Goodman,18
522,Nathaniel,Stewart,18
523,Michelle,Porter,18
524,Allison,Sanchez,18
525,Daniel,Mcintyre,18
526,David,Conrad,18
527,Patricia,Obrien,18
528,Nicole,Landry,18
529,Joseph,Davis,18
530,Jody,Perez,18
531,Kelly,Thomas,18
532,Richard,Carey,18
533,Daniel,Clark,18
534,Christopher,Mueller,18
535,Kristy,Oneal,18
536,Robert,Bradford,18
537,Pamela,Thomas,18
538,Lisa,Patrick,18
539,Laura,Rodriguez,18
540,Jessica,Clay,18
541,Matthew,Oconnell,19
542,Robert,Washington,19
543,Tim,Fuentes,19
544,James,Le,19
545,Tonya,Lopez,19
546,David,Williams,19
547,Lance,Jackson,19
548,Austin,Ray,19
549,Jonathan,Gonzalez,19
550,William,Santos,19
551,Adam,Harrell,19
552,Julie,Kelley,19
553,Lori,Jones,19
554,John,Greene,19
555,Johnny,Robertson,19
556,Amanda,Bruce,19
557,Deanna,Cooper,19
558,Cody,Cobb,19
559,Kristi,Meyer,19
560,Kelly,Washington,19
561,Douglas,Mclean,19
562,Samantha,Byrd,19
563,Anna,Adams,19
564,Jon,Brown,19
565,Jason,Baxter,19
566,Bryan,Anderson,19
567,Renee,Bell,19
568,Joseph,Taylor,19
569,Jason,Alexander,19
570,Lisa,Walker,19
571,Nicole,Hobbs,20
572,Steven,Nichols,20
573,Cameron,Thomas,20
574,John,Washington,20
575,Mariah,Holder,20
576,Edwin,Stanton,20
577,Hayden,Martin,20
578,Travis,Clark,20
579,Jason,Jones,20
580,Kara,Adams,20
581,Drew,Stevens,20
582,Rachel,Cain,20
583,Thomas,Hunt,20
584,Michael,Wheeler,20
585,Deborah,Melendez,20
586,Daniel,Gonzales,20
587,Katrina,Simpson,20
588,Sarah,Brewer,20
589,Robert,Hernandez,20
590,Mitchell,Hebert,20
591,Barbara,Smith,20
592,Crystal,Roberts,20
593,Claire,Wright,20
594,James,Adkins,20
595,Cheryl,Lewis,20
596,Linda,Crane,20
597,Samantha,Ortiz,20
598,Margaret,Chapman,20
599,William,Davis,20
600,Olivia,Henry,20
601,Mario,Powers,21
602,Sara,French,21
603,Sheri,Ramos,21
604,Danielle,Campos,21
605,Paul,Rice,21
606,Vanessa,Becker,21
607,Mark,Lee,21
608,Rebecca,Gamble,21
609,Steven,Price,21
610,Charles,Buck,21
611,Michael,Tucker,21
612,Stephanie,House,21
613,Jennifer,Gonzalez,21
614,Troy,Obrien,21
615,Lauren,Solis,21
616,Deanna,Robles,21
617,Danielle,White,21
618,Alexander,Garrett,21
619,Andre,Spencer,21
620,Alan,Murray,21
621,Christopher,Baker,21
622,Mark,Arias,21
623,Mary,Reid,21
624,Maria,Mata,21
625,Matthew,Welch,21
626,Ryan,Mitchell,21
627,Margaret,Simmons,21
628,John,Jackson,21
629,Claudia,Martin,21
630,Angel,Kirby,21
631,Tammy,Rowe,22
632,Edgar,Roach,22
633,Steven,Ruiz,22
634,Cynthia,Stephenson,22
635,Russell,Evans,22
636,Jacqueline,White,22
637,Austin,Flores,22
638,Cheryl,Best,22
639,Amanda,Austin,22
640,Nicholas,Dominguez,22
641,Samantha,Mclaughlin,22
642,Seth,Villanueva,22
643,Jose,Wall,22
644,Darryl,Franco,22
645,Patricia,Shepherd,22
646,Robert,Miller,22
647,Chad,Washington,22
648,Natasha,Wyatt,22
649,Kenneth,Scott,22
650,Jeffrey,Meyer,22
651,Emily,Casey,22
652,David,Rodriguez,22
653,Eric,Jones,22
654,Christine,King,22
655,Charles,Warren,22
656,Erik,Cameron,22
657,Johnny,Ford,22
658,Brandi,May,22
659,Donna,Meyer,22
660,David,Stevens,22
661,Brandon,Reed,23
662,Stephanie,Orozco,23
663,Sharon,Adkins,23
664,Diane,Case,23
665,Joy,Mcbride,23
666,Gary,Lopez,23
667,Brian,Reed,23
668,Kelly,Meadows,23
669,Rebecca,King,23
670,Suzanne,Rojas,23
671,Jodi,Gould,23
672,Patricia,White,23
673,Stephanie,Thompson,23
674,Stephanie,Meyers,23
675,Eric,Ortiz,23
676,Steven,Martinez,23
677,Sara,Smith,23
678,Wendy,Lee,23
679,Ryan,Ford,23
680,Larry,Johnson,23
681,Jeremiah,Thompson,23
682,Jamie,Gibson,23
683,Anne,Brown,23
684,Ronald,Long,23
685,Donna,Berry,23
686,Michael,Parker,23
687,Joshua,Howard,23
688,James,Jones,23
689,Meagan,Rogers,23
690,Taylor,Ward,23
691,John,Ramirez,24
692,Anthony,Pacheco,24
693,Drew,Donovan,24
694,Justin,Spears,24
695,Nicole,Owens,24
696,Travis,Yates,24
697,David,Johnson,24
698,Kimberly,Baxter,24
699,Dylan,Johnson,24
700,Alyssa,Lindsey,24
701,Sarah,Wilson,24
702,Katie,Macias,24
703,Kyle,Jones,24
704,Mary,Stephens,24
705,Shawn,Morales,24
706,Megan,Nicholson,24
707,Terri,Barry,24
708,Anna,Stevens,24
709,Jacqueline,Harrington,24
710,Matthew,Williams,24
711,Denise,Walker,24
712,Leah,Howell,24
713,Kimberly,Johnson,24
714,Angela,Nguyen,24
715,Michael,Ortega,24
716,Phillip,Stone,24
717,Jennifer,Adams,24
718,Amy,Durham,24
719,Tami,Salazar,24
720,Gwendolyn,Chapman,24
721,Fernando,Rivera,25
722,Lisa,Henderson,25
723,Nancy,Davis,25
724,Jennifer,Sanchez,25
725,Meghan,Lynch,25
726,Karen,Wagner,25
727,Kathy,Evans,25
728,Jennifer,Decker,25
729,Kyle,Huber,25
730,Kelsey,Garcia,25
731,Tina,Ryan,25
732,Michelle,Gonzalez,25
733,Michelle,Bailey,25
734,Daniel,French,25
735,Terri,Castillo,25
736,Vanessa,Morales,25
737,David,Benitez,25
738,Peggy,Pitts,25
739,Sarah,Flores,25
740,Scott,Moore,25
741,Melissa,Carter,25
742,Rachel,Beasley,25
743,Donald,Floyd,25
744,Holly,Johnson,25
745,Diane,Lee,25
746,William,Smith,25
747,Margaret,Cherry,25
748,David,Wells,25
749,Stacey,Lewis,25
750,Tracey,Webb,25
751,Tracy,Castaneda,26
752,James,Booker,26
753,John,Taylor,26
754,Aaron,Coleman,26
755,Abigail,Valentine,26
756,Amy,Ross,26
757,Johnny,Griffin,26
758,Alyssa,Austin,26
759,Blake,Pennington,26
760,Kyle,Kim,26
761,Maria,Jackson,26
762,Nicole,Washington,26
763,Adam,Owen,26
764,Robert,Spencer,26
765,Jesus,Martinez,26
766,Mindy,Jordan,26
767,Andrew,Clark,26
768,Edward,Smith,26
769,Robert,Ruiz,26
770,Rhonda,Reynolds,26
771,Jacob,Goodman,26
772,Thomas,Lopez,26
773,Tiffany,Smith,26
774,Lacey,Cross,26
775,Hunter,Hall,26
776,John,Gutierrez,26
777,Robert,Jenkins,26
778,Heather,Martin,26
779,Lori,Rodriguez,26
780,Paige,Castro,26
781,Amanda,Brown,27
782,Lisa,Miller,27
783,Brian,Powers,27
784,Brenda,Garza,27
785,Louis,Miller,27
786,Sharon,Wright,27
787,Mary,Johnson,27
788,Jeffrey,Velez,27
789,Samuel,Todd,27
790,Eric,Ford,27
791,Amy,Zamora,27
792,Rhonda,Allen,27
793,Cynthia,Franklin,27
794,Regina,Gross,27
795,Anthony,Wells,27
796,Leslie,Cook,27
797,Ryan,Young,27
798,Gina,Lang,27
799,Bobby,Clark,27
800,Nicholas,Reid,27
801,David,Grant,27
802,Dawn,Miranda,27
803,Dawn,Matthews,27
804,Heather,Bailey,27
805,John,Brown,27
806,Adam,Thomas,27
807,Valerie,Pearson,27
808,Betty,Sandoval,27
809,Angela,Faulkner,27
810,Wendy,Bush,27
811,Todd,Parker,28
812,James,Miles,28
813,Pamela,Clements,28
814,Brandon,Le,28
815,Darryl,Ellis,28
816,Gregory,Torres,28
817,Joel,Barry,28
818,Chad,Ramirez,28
819,Christopher,Phillips,28
820,Brianna,Camacho,28
821,Daniel,Brady,28
822,Joanne,Mooney,28
823,Ryan,Rodriguez,28
824,David,Wallace,28
825,Adriana,Petty,28
826,Lauren,Allen,28
827,Jaclyn,Flowers,28
828,Jennifer,Frederick,28
829,Ashley,Hopkins,28
830,Christopher,Smith,28
831,Christopher,Gutierrez,28
832,Jason,Rose,28
833,Juan,Gonzalez,28
834,Richard,Lee,28
835,Michelle,Phelps,28
836,John,Kelly,28
837,Elizabeth,Mitchell,28
838,Erica,Spears,28
839,Paige,Williams,28
840,Tiffany,Greene,28
841,Kayla,Oliver,29
842,Michael,Robinson,29
843,Alfred,Zavala,29
844,Kimberly,Perez,29
845,Monica,Harris,29
846,Jason,Adams,29
847,Michele,Rush,29
848,Michael,Buchanan,29
849,Meredith,Garcia,29
850,Joshua,Jackson,29
851,Raven,Sweeney,29
852,Bryan,Smith,29
853,Stacy,Mueller,29
854,Denise,Hodge,29
855,Christopher,Barnes,29
856,Andrea,Smith,29
857,Tiffany,Baker,29
858,Vanessa,Cooper,29
859,Christina,Baker,29
860,Angela,Smith,29
861,Amanda,Bell,29
862,Timothy,Anderson,29
863,Beth,Young,29
864,Daniel,Jacobs,29
865,Lawrence,Ward,29
866,Rebecca,Wiley,29
867,Stacey,Summers,29
868,Jonathan,Burns,29
869,Patrick,Levy,29
870,Jeffrey,Wade,29
871,Chad,Montoya,30
872,Jasmine,Hernandez,30
873,Douglas,Rivera,30
874,Marisa,Martinez,30
875,Frances,Harris,30
876,Erin,Smith,30
877,John,Mahoney,30
878,John,Benjamin,30
879,Amanda,Davis,30
880,Dana,Rivas,30
881,Jennifer,Riddle,30
882,Thomas,Hamilton,30
883,Jonathan,Walton,30
884,Bonnie,Sawyer,30
885,Diamond,Garza,30
886,William,Walker,30
887,Janet,Conner,30
888,Tammy,Robinson,30
889,Paul,Mcgrath,30
890,John,Ballard,30
891,Brandon,Martin,30
892,Melissa,Hill,30
893,Roberto,Hudson,30
894,Jacob,Frazier,30
895,Stephen,Scott,30
896,Alan,Gamble,30
897,Lee,Lee,30
898,Bradley,Franklin,30
899,Brittany,Davis,30
900,Anthony,Hudson,30
901,Mario,Sims,31
902,Michael,Arias,31
903,Bonnie,King,31
904,Shannon,Rose,31
905,Christopher,Anderson,31
906,Jonathan,Taylor,31
907,Sarah,Brown,31
908,Kayla,Collins,31
909,Diane,Navarro,31
910,Tammy,Bryant,31
911,Julie,Young,31
912,Stephanie,Luna,31
913,Amber,Ruiz,31
914,Penny,Olsen,31
915,Dustin,Ochoa,31
916,Evan,Bass,31
917,Robert,Miller,31
918,Elizabeth,Ochoa,31
919,Tina,Washington,31
920,Monica,Gonzalez,31
921,John,Smith,31
922,Lisa,Price,31
923,Amy,Jackson,31
924,Austin,Cook,31
925,Sarah,Hale,31
926,Vanessa,Horton,31
927,Nichole,Suarez,31
928,Kyle,Brooks,31
929,Jennifer,Harper,31
930,Jessica,Moore,31
931,Madison,Mccarty,32
932,Pamela,Smith,32
933,April,Scott,32
934,Tom,Morgan,32
935,Henry,Allen,32
936,Tiffany,Garcia,32
937,Nicole,Navarro,32
938,Roy,Thompson,32
939,Kayla,Monroe,32
940,Shane,Bradley,32
941,Jennifer,Harvey,32
942,Larry,Smith,32
943,Kristina,Rodriguez,32
944,Charles,Nixon,32
945,Arthur,Sawyer,32
946,Kelly,Powers,32
947,Michael,Johnson,32
948,Alexandra,Ross,32
949,Terry,Lucero,32
950,William,Gomez,32
951,Megan,Yu,32
952,Teresa,Allen,32
953,Matthew,Miller,32
954,Douglas,Wilson,32
955,Thomas,Jones,32
956,Dawn,Gonzalez,32
957,Corey,Green,32
958,Tammy,Page,32
959,Denise,Clarke,32
960,Antonio,Ramirez,32
961,Darryl,Johnson,33
962,Derrick,Woods,33
963,Sandra,Chavez,33
964,Adam,Hernandez,33
965,Sarah,Haynes,33
966,Paul,Williams,33
967,Suzanne,Bell,33
968,Melissa,Edwards,33
969,Misty,Ortega,33
970,Michael,Long,33
971,David,Walker,33
972,Rebecca,Berg,33
973,Dustin,Bishop,33
974,Claudia,Mcgee,33
975,Scott,Rodriguez,33
976,Bryce,Vega,33
977,Lawrence,Stevens,33
978,Michael,Wood,33
979,Curtis,Hicks,33
980,Jane,Murray,33
981,Nicholas,White,33
982,Dawn,Clark,33
983,Emily,Ramos,33
984,Mary,Frederick,33
985,Spencer,Herrera,33
986,Paul,Garner,33
987,Sarah,Johnson,33
988,Christina,Haynes,33
989,Alex,Wells,33
990,Robert,Ortiz,33
991,Francisco,Miller,34
992,Sara,Wu,34
993,Chad,Smith,34
994,Michele,Copeland,34
995,Jessica,Escobar,34
996,Maria,Baker,34
997,Brittney,Wade,34
998,James,Cervantes,34
999,Kimberly,Meyer,34
1000,Christopher,Carter,34
1001,Kevin,Thompson,34
1002,Amber,Harris,34
1003,Shane,Long,34
1004,Susan,Griffin,34
1005,Vincent,Moody,34
1006,Scott,Jacobs,34
1007,Blake,Hernandez,34
1008,Connie,Pittman,34
1009,Cassandra,Reese,34
1010,Fred,Walker,34
1011,Yolanda,Edwards,34
1012,Dawn,Wood,34
1013,William,Ramirez,34
1014,Scott,Frost,34
1015,Chelsea,Johnson,34
1016,Maria,Lewis,34
1017,Charles,Patel,34
1018,Jessica,Murray,34
1019,David,Hoover,34
1020,Jennifer,Jones,34
1021,Lisa,Hayes,35
1022,Jennifer,Tran,35
1023,Carolyn,Kaufman,35
1024,Kevin,Mccoy,35
1025,James,Owens,35
1026,Nicole,Chambers,35
1027,Brian,Simpson,35
1028,Mark,Fletcher,35
1029,Richard,Williams,35
1030,Megan,Perez,35
1031,Richard,Ray,35
1032,Willie,Santos,35
1033,Timothy,Brandt,35
1034,Amy,Hunter,35
1035,Kayla,Nelson,35
1036,Cheryl,Sawyer,35
1037,Alexander,Barker,35
1038,Jeremy,Johnson,35
1039,Kathy,Ellis,35
1040,Roger,Reese,35
1041,Joshua,Wells,35
1042,Brian,Martinez,35
1043,Wesley,Harrington,35
1044,Kevin,Duncan,35
1045,Renee,Reeves,35
1046,Ashley,Cruz,35
1047,Nicholas,Garcia,35
1048,Lori,Robertson,35
1049,Sandra,Hill,35
1050,Kyle,Anderson,35
1051,Larry,Baird,36
1052,Jessica,Floyd,36
1053,Russell,Rogers,36
1054,Eric,Kelley,36
1055,Anna,Odom,36
1056,Michael,Goodwin,36
1057,Nicole,Lindsey,36
1058,Audrey,Anderson,36
1059,Patrick,Murphy,36
1060,Tasha,Diaz,36
1061,Brian,Cohen,36
1062,Sherri,Rhodes,36
1063,Karen,James,36
1064,James,Hunter,36
1065,Robert,Christensen,36
1066,David,Martinez,36
1067,Micheal,Price,36
1068,Kaylee,Smith,36
1069,Nancy,Ferguson,36
1070,Brandy,Knight,36
1071,Gene,Salazar,36
1072,Kaylee,Bolton,36
1073,Bryan,Howard,36
1074,Danielle,Hunt,36
1075,Charles,Coleman,36
1076,Phillip,Johnson,36
1077,Amber,Morris,36
1078,Morgan,Phelps,36
1079,Joseph,Patterson,36
1080,Kathryn,Craig,36
1081,Cristian,Hernandez,37
1082,Megan,Reyes,37
1083,Barbara,Macdonald,37
1084,Catherine,Moore,37
1085,Laura,Parks,37
1086,Melissa,Bell,37
1087,Sandra,Craig,37
1088,Sabrina,Ryan,37
1089,Tammy,Klein,37
1090,Jennifer,Contreras,37
1091,Danielle,Smith,37
1092,Timothy,Wilson,37
1093,Christian,Davis,37
1094,Mary,Ferguson,37
1095,Joshua,Blankenship,37
1096,Justin,Scott,37
1097,Anna,Cruz,37
1098,Christine,Farmer,37
1099,Jeremy,Christian,37
1100,Michael,Short,37
1101,Jordan,Francis,37
1102,Bonnie,Estrada,37
1103,Jessica,Bryan,37
1104,Alyssa,Schultz,37
1105,Kristen,Dominguez,37
1106,Stephanie,Anderson,37
1107,Timothy,Lewis,37
1108,Stacy,King,37
1109,Abigail,Martin,37
1110,Abigail,Reed,37
1111,John,Carey,38
1112,Kayla,Sims,38
1113,Cheryl,Kelly,38
1114,John,Rogers,38
1115,Amy,Davis,38
1116,Joseph,Austin,38
1117,Patricia,Jones,38
1118,Amanda,Perez,38
1119,Lauren,Proctor,38
1120,Edward,Norris,38
1121,Terri,Ross,38
1122,Monica,Martin,38
1123,Erin,Schultz,38
1124,Joseph,Strickland,38
1125,Hannah,Simmons,38
1126,Carrie,Ramsey,38
1127,Diane,Yang,38
1128,Katherine,Steele,38
1129,Greg,Moreno,38
1130,Lauren,Russell,38
1131,Amy,Boyer,38
1132,Tracie,Waters,38
1133,Cindy,Rush,38
1134,Victor,Simmons,38
1135,Amy,Butler,38
1136,Rachel,Green,38
1137,Denise,White,38
1138,Courtney,White,38
1139,Christopher,Ross,38
1140,David,Zhang,38
1141,Rebecca,Hansen,39
1142,Jessica,Thomas,39
1143,Shawn,Schneider,39
1144,Daniel,Robertson,39
1145,Lance,Hinton,39
1146,Paul,Gomez,39
1147,Haley,Stanton,39
1148,Eric,Cisneros,39
1149,Michael,Johnson,39
1150,Robert,Williamson,39
1151,Daniel,Alexander,39
1152,William,Rowe,39
1153,Frank,Morris,39
1154,Audrey,Campbell,39
1155,Anna,Smith,39
1156,Steve,Johnson,39
1157,Christine,Gonzalez,39
1158,Jasmine,Nelson,39
1159,Shawn,Burke,39
1160,Barbara,Johnson,39
1161,Evan,Gordon,39
1162,Julie,Brandt,39
1163,Dustin,Tapia,39
1164,Stephanie,Parsons,39
1165,Lisa,Robinson,39
1166,Jeffrey,Pratt,39
1167,Leslie,Hess,39
1168,Antonio,Gilbert,39
1169,Sara,Wilson,39
1170,James,Fernandez,39
1171,Todd,Schmidt,40
1172,Alexa,Arnold,40
1173,Bryan,Burton,40
1174,Dennis,Gillespie,40
1175,Michael,Holmes,40
1176,Latasha,Knight,40
1177,Anthony,Mcdowell,40
1178,Brett,Rivera,40
1179,Charles,Leon,40
1180,Willie,Allison,40
1181,Justin,Garrett,40
1182,Juan,Collier,40
1183,Jill,Roberson,40
1184,Zachary,Young,40
1185,James,Gonzalez,40
1186,Charles,Holt,40
1187,Antonio,Yates,40
1188,Kyle,Phelps,40
1189,Abigail,Hall,40
1190,Marie,Hensley,40
1191,Joseph,Ortiz,40
1192,Paul,Erickson,40
1193,Donna,Goodwin,40
1194,David,Reyes,40
1195,Justin,Miller,40
1196,Elizabeth,Long,40
1197,Joe,Velasquez,40
1198,Briana,Tran,40
1199,Denise,Branch,40
1200,James,Rollins,40
1201,Kyle,Paul,41
1202,Amy,Vasquez,41
1203,Ethan,Lopez,41
1204,Debra,Fields,41
1205,William,Morrison,41
1206,Ronald,Ramirez,41
1207,Sarah,Barker,41
1208,Steven,Holt,41
1209,Tonya,Martinez,41
1210,Tonya,Ho,41
1211,Cheryl,Taylor,41
1212,Jessica,Castillo,41
1213,Matthew,Clayton,41
1214,Rachael,Burgess,41
1215,Wanda,Miller,41
1216,Michael,Harris,41
1217,Daniel,Wise,41
1218,Samuel,Miller,41
1219,Mark,Stein,41
1220,Angela,Nelson,41
1221,Kevin,Mccoy,41
1222,Bruce,Huber,41
1223,Jeremy,Lynch,41
1224,Rebecca,Chen,41
1225,Tyler,Haley,41
1226,Kristen,Copeland,41
1227,Matthew,Stephens,41
1228,Ann,Walsh,41
1229,George,Jones,41
1230,Scott,Warren,41
1231,Carlos,Choi,42
1232,Rebecca,Clark,42
1233,Melissa,Marsh,42
1234,Julie,Waller,42
1235,Jamie,Buchanan,42
1236,Michelle,Johnson,42
1237,Kurt,Warren,42
1238,Gregory,Rowe,42
1239,Linda,Castaneda,42
1240,Matthew,Melendez,42
1241,Kaitlin,Shaffer,42
1242,Lisa,Bailey,42
1243,Anne,Randall,42
1244,Robert,Gross,42
1245,Luis,Jackson,42
1246,Sarah,Mcmillan,42
1247,Robert,Hodges,42
1248,Laura,Hampton,42
1249,Kelly,Carter,42
1250,Wayne,Abbott,42
1251,Joseph,Ball,42
1252,Ashley,Hansen,42
1253,Laura,Cervantes,42
1254,Alexa,Reed,42
1255,Jessica,Smith,42
1256,Dean,Brown,42
1257,Robyn,Hall,42
1258,Guy,Mendoza,42
1259,Greg,Cross,42
1260,Andrea,Patterson,42
1261,Mary,Sanchez,43
1262,Karen,Porter,43
1263,Patrick,Wilson,43
1264,Emma,Castro,43
1265,Thomas,Reynolds,43
1266,Michael,Munoz,43
1267,Elizabeth,Marquez,43
1268,Crystal,Brown,43
1269,James,Stark,43
1270,Meagan,Powell,43
1271,Victoria,Mayo,43
1272,Emily,Hernandez,43
1273,Kevin,Allen,43
1274,Kenneth,Matthews,43
1275,Tonya,Green,43
1276,Ruben,Roth,43
1277,Taylor,Thomas,43
1278,George,Green,43
1279,Edward,Yates,43
1280,Laura,Silva,43
1281,Ashley,Bailey,43
1282,Cody,Rose,43
1283,Rick,Decker,43
1284,Matthew,Johnson,43
1285,Christopher,Kelly,43
1286,Sally,Chavez,43
1287,Michelle,Garcia,43
1288,Austin,Palmer,43
1289,Brian,Hill,43
1290,Eric,Brown,43
1291,Michael,Randall,44
1292,Paul,Guzman,44
1293,Steven,Costa,44
1294,David,Bennett,44
1295,Amanda,Cochran,44
1296,James,Hammond,44
1297,Kyle,Burke,44
1298,Denise,Edwards,44
1299,Diana,Clark,44
1300,Jeffrey,Dougherty,44
1301,Kathryn,Johnson,44
1302,Samantha,Scott,44
1303,Julie,Johnson,44
1304,Tracy,Roberts,44
1305,Ashley,Cox,44
1306,David,Burton,44
1307,Daniel,Sanders,44
1308,Carl,Moss,44
1309,Peter,Gonzalez,44
1310,Jessica,Bryant,44
1311,Jeremiah,Bryant,44
1312,Kimberly,Ward,44
1313,Amy,Gill,44
1314,Melanie,Russell,44
1315,David,Golden,44
1316,David,Smith,44
1317,Courtney,Mack,44
1318,Matthew,Garcia,44
1319,Heather,Valentine,44
1320,Shannon,Miller,44
1321,Kenneth,Bryant,45
1322,Elizabeth,Miller,45
1323,Michael,Adams,45
1324,Samantha,Brown,45
1325,John,Hicks,45
1326,Barbara,Clay,45
1327,Diane,Mann,45
1328,Clifford,Hudson,45
1329,Victoria,Taylor,45
1330,Melissa,Oliver,45
1331,David,Thompson,45
1332,Jesse,Anderson,45
1333,Corey,Porter,45
1334,Stuart,Hahn,45
1335,Dean,Garner,45
1336,Susan,Ruiz,45
1337,Jeremy,Oliver,45
1338,Philip,Krueger,45
1339,Shannon,Moore,45
1340,Karen,Cohen,45
1341,Nathan,Blackwell,45
1342,Christine,Morris,45
1343,Frederick,Collier,45
1344,Austin,Collins,45
1345,Amy,Thompson,45
1346,Pamela,Castillo,45
1347,David,Lawrence,45
1348,Antonio,Banks,45
1349,Chase,Mason,45
1350,Julie,Haynes,45
1351,Pamela,Ellis,46
1352,Janet,Bender,46
1353,Connor,Perry,46
1354,Amanda,Parsons,46
1355,Latoya,Ortiz,46
1356,Lisa,Shaw,46
1357,Emily,Neal,46
1358,Alice,Hunt,46
1359,Tom,Calhoun,46
1360,Samantha,Wilson,46
1361,Daniel,Herrera,46
1362,Charles,Garcia,46
1363,Donald,Alexander,46
1364,Daniel,Fowler,46
1365,Amanda,Hamilton,46
1366,Theresa,Rios,46
1367,Brian,Goodman,46
1368,Christy,Bell,46
1369,Joseph,Meyer,46
1370,Daniel,Bailey,46
1371,Antonio,Hernandez,46
1372,Anthony,Garza,46
1373,Michael,Miller,46
1374,Monica,Edwards,46
1375,Vanessa,Rodriguez,46
1376,Amy,Kim,46
1377,Kimberly,Reese,46
1378,Randall,Perkins,46
1379,Gina,Rodriguez,46
1380,Joy,Howe,46
1381,Matthew,Hayes,47
1382,Beth,Tran,47
1383,Tammy,Rhodes,47
1384,Sherry,Ortiz,47
1385,Tiffany,Johnson,47
1386,Tony,Wiggins,47
1387,Tyler,Spencer,47
1388,Edward,Lopez,47
1389,Karen,Stewart,47
1390,Kevin,Escobar,47
1391,Allen,Williams,47
1392,Tina,Ritter,47
1393,Andrea,Phillips,47
1394,Cheryl,Allen,47
1395,Tanya,Powell,47
1396,Beth,Chaney,47
1397,Sarah,Graham,47
1398,Diana,Villegas,47
1399,Nicholas,Thomas,47
1400,Antonio,Anderson,47
1401,Jay,Thomas,47
1402,Joseph,Jones,47
1403,Andre,Stevenson,47
1404,Patrick,Crawford,47
1405,Denise,Cooper,47
1406,Alexandra,Ellison,47
1407,Dawn,Leon,47
1408,Kristie,Chang,47
1409,Andrea,Nolan,47
1410,Jodi,Henderson,47
1411,Donald,Murphy,48
1412,Daniel,Kirk,48
1413,Nicholas,Jones,48
1414,Jessica,Davidson,48
1415,Robert,Elliott,48
1416,Dillon,Reed,48
1417,Tyler,Oconnor,48
1418,Tammie,Boyd,48
1419,Brad,Powell,48
1420,Monica,Cline,48
1421,Anthony,Jackson,48
1422,Jennifer,Pham,48
1423,Diane,Thomas,48
1424,Sarah,Hayes,48
1425,Samantha,Robinson,48
1426,Samuel,Wilcox,48
1427,Rhonda,Greer,48
1428,Kaitlin,Casey,48
1429,Christina,Howell,48
1430,Gabrielle,Reynolds,48
1431,Christine,Collins,48
1432,Andrea,Adams,48
1433,Joseph,Walters,48
1434,Jason,Garcia,48
1435,Robert,Duran,48
1436,Kristen,Snyder,48
1437,Mark,Lee,48
1438,Donna,Lynch,48
1439,Justin,Rodriguez,48
1440,Daniel,Oneill,48
1441,Bryan,Rollins,49
1442,Jennifer,Kirk,49
1443,Robert,Singleton,49
1444,Zachary,Perez,49
1445,Jennifer,Morales,49
1446,Andrea,Hill,49
1447,Eric,Butler,49
1448,Michael,Mcneil,49
1449,Martin,Johnson,49
1450,Anita,Beasley,49
1451,Jeffrey,Martin,49
1452,Steven,Miller,49
1453,Jonathan,Frank,49
1454,Cody,Jackson,49
1455,Lisa,Green,49
1456,Timothy,Terry,49
1457,William,Lucero,49
1458,Kaitlyn,Ford,49
1459,Jeffrey,Martinez,49
1460,Shirley,Lopez,49
1461,Crystal,Baker,49
1462,Jacob,Randall,49
1463,Mark,Oliver,49
1464,Rebecca,Clayton,49
1465,Leslie,Padilla,49
1466,Brent,Thompson,49
1467,Nancy,Wright,49
1468,Joseph,Casey,49
1469,Robert,Sweeney,49
1470,William,Stevens,49
1471,Julia,Mosley,50
1472,Michelle,Wilkins,50
1473,Paula,Larson,50
1474,Allen,Berry,50
1475,Joseph,Young,50
1476,Heather,Thomas,50
1477,Patrick,Jimenez,50
1478,Chris,Lee,50
1479,David,Henderson,50
1480,Charles,Moore,50
1481,Janice,Pace,50
1482,Alexandria,Robinson,50
1483,Karen,Smith,50
1484,Robert,Moore,50
1485,Kim,West,50
1486,Gloria,Chambers,50
1487,Lori,Durham,50
1488,Scott,Carlson,50
1489,Lindsey,Osborne,50
1490,Briana,Elliott,50
1491,Martin,Blair,50
1492,Nicholas,Miller,50
1493,Karen,Watson,50
1494,Bruce,Levine,50
1495,Gina,Cruz,50
1496,Laura,Brown,50
1497,Cameron,Jackson,50
1498,Megan,Alexander,50
1499,Brooke,Spears,50
1500,Daniel,Thompson,50
1501,Marcus,Anderson,51
1502,Nicole,Collins,51
1503,Joshua,Dudley,51
1504,Allison,Mcdonald,51
1505,Danielle,Perez,51
1506,Laura,Garcia,51
1507,Christopher,Doyle,51
1508,Stephanie,Hill,51
1509,Stephanie,Huffman,51
1510,John,Buckley,51
1511,Olivia,Mcneil,51
1512,Victoria,Hanson,51
1513,Robert,Howell,51
1514,Brian,Miller,51
1515,Ryan,Carter,51
1516,Mark,Ortiz,51
1517,Ruben,Caldwell,51
1518,Jasmine,Cook,51
1519,Theresa,Lutz,51
1520,Luis,Logan,51
1521,John,Castro,51
1522,Jessica,Foster,51
1523,Justin,Lee,51
1524,James,Smith,51
1525,Elizabeth,Newman,51
1526,Robert,Riggs,51
1527,Sarah,Garcia,51
1528,Christopher,Jones,51
1529,Natalie,Hudson,51
1530,Kari,Rivera,51
1531,Andrea,Estes,52
1532,Ashley,Smith,52
1533,Edward,Raymond,52
1534,Mark,Mckee,52
1535,Emily,Navarro,52
1536,Taylor,Washington,52
1537,Daniel,Oneal,52
1538,Olivia,Cochran,52
1539,Christine,Griffin,52
1540,Christopher,Rose,52
1541,Peter,Carpenter,52
1542,Steven,Oliver,52
1543,Diana,Hester,52
1544,Sarah,Harris,52
1545,Brian,Norton,52
1546,Jennifer,Figueroa,52
1547,Samantha,Rodriguez,52
1548,Christopher,Wiggins,52
1549,Jeffrey,Hernandez,52
1550,Toni,Ho,52
1551,Andrew,Barajas,52
1552,Emily,Henderson,52
1553,Daniel,Dillon,52
1554,Nicholas,Williamson,52
1555,Jane,Le,52
1556,Kimberly,Burgess,52
1557,Gina,York,52
1558,Jillian,Bailey,52
1559,Amanda,Cabrera,52
1560,Cynthia,Wagner,52
1561,Rachel,Foster,53
1562,Amber,Munoz,53
1563,Kevin,Roy,53
1564,David,Coleman,53
1565,Joshua,Tucker,53
1566,Cheryl,Scott,53
1567,Jamie,Stephenson,53
1568,Jamie,Kim,53
1569,Melinda,Curtis,53
1570,Tiffany,Edwards,53
1571,Carly,Jenkins,53
1572,Eric,Garcia,53
1573,Renee,Gallagher,53
1574,David,Freeman,53
1575,Tammy,Parker,53
1576,Angela,Stein,53
1577,Ethan,Gray,53
1578,Nathan,Nixon,53
1579,Cole,Johnson,53
1580,Larry,Hernandez,53
1581,Susan,Dickerson,53
1582,Pamela,Perkins,53
1583,Leah,Morris,53
1584,Jessica,Lawrence,53
1585,Daniel,Walker,53
1586,Julie,Jackson,53
1587,Keith,Chan,53
1588,Kathy,Brown,53
1589,David,West,53
1590,Jill,Fletcher,53
1591,Ashley,Stevens,54
1592,Tracey,Moon,54
1593,Michael,Goodman,54
1594,Andrew,Ayers,54
1595,Julie,Perkins,54
1596,Dawn,Ramos,54
1597,Douglas,Benson,54
1598,Hannah,Cox,54
1599,Bryan,Calhoun,54
1600,Barbara,Dixon,54
1601,Michael,Roberts,54
1602,Richard,Maldonado,54
1603,Jennifer,Meyers,54
1604,Leslie,Lang,54
1605,William,Adams,54
1606,Kathleen,Lyons,54
1607,Paul,Lane,54
1608,Kristin,Atkinson,54
1609,Amy,Williams,54
1610,Alexis,Alexander,54
1611,Teresa,Jimenez,54
1612,Steven,Thompson,54
1613,Michael,Johnson,54
1614,Cynthia,Martin,54
1615,Albert,Young,54
1616,Lisa,Bishop,54
1617,Candice,Taylor,54
1618,Scott,Garcia,54
1619,Anthony,Roberts,54
1620,Kimberly,Solis,54
1621,Jeremy,Tucker,55
1622,Shannon,Elliott,55
1623,Caleb,Reed,55
1624,Hannah,Wise,55
1625,Isaac,Porter,55
1626,Dorothy,Livingston,55
1627,Nancy,Long,55
1628,Ronald,Obrien,55
1629,Anthony,Jackson,55
1630,Andrew,Gilmore,55
1631,Richard,Ward,55
1632,Pamela,Jones,55
1633,Brittany,Thornton,55
1634,Michael,Estrada,55
1635,Mary,Nunez,55
1636,Jasmine,Hernandez,55
1637,Samantha,Mason,55
1638,Janet,Wood,55
1639,Anthony,Tucker,55
1640,Kimberly,Sharp,55
1641,Amanda,Anderson,55
1642,Erik,Fernandez,55
1643,Stephanie,Pitts,55
1644,Casey,Rose,55
1645,Jessica,Allison,55
1646,Amy,Vega,55
1647,Rachel,Harris,55
1648,Joseph,Johnson,55
1649,Diana,Turner,55
1650,Nancy,Esparza,55
1651,Katie,Graham,56
1652,Amanda,Dickson,56
1653,Emily,Cox,56
1654,Steven,Barrera,56
1655,Nicole,Taylor,56
1656,Jennifer,Lee,56
1657,Adam,Schwartz,56
1658,William,Anderson,56
1659,Christopher,Valentine,56
1660,Eric,Martin,56
1661,Trevor,Mitchell,56
1662,Renee,Hall,56
1663,Anthony,Perez,56
1664,Amy,Wilson,56
1665,David,Jones,56
1666,Benjamin,Taylor,56
1667,Sarah,Conner,56
1668,Susan,Gomez,56
1669,Vincent,Harrison,56
1670,Christopher,Eaton,56
1671,Veronica,Washington,56
1672,Robert,Owens,56
1673,Clifford,Trevino,56
1674,Jamie,Moreno,56
1675,Ashley,Delgado,56
1676,Victoria,Barber,56
1677,Rebecca,Johnson,56
1678,Jesse,Gray,56
1679,Shelly,Frost,56
1680,Amanda,Maxwell,56
1681,Lauren,Ramsey,57
1682,Jean,Sanchez,57
1683,Jonathan,Wallace,57
1684,Tyrone,Hart,57
1685,Adriana,Thompson,57
1686,Matthew,Brown,57
1687,Pam,Alvarez,57
1688,Craig,Johnson,57
1689,Joseph,Deleon,57
1690,Teresa,Herman,57
1691,Daniel,Martin,57
1692,Jennifer,Peterson,57
1693,David,Bell,57
1694,Jasmine,Lopez,57
1695,Joseph,Smith,57
1696,Eric,Williams,57
1697,Jessica,Williams,57
1698,Leah,King,57
1699,Shannon,Hendricks,57
1700,Lacey,Dunn,57
1701,Sarah,Pierce,57
1702,Justin,Roberts,57
1703,Laura,Hernandez,57
1704,John,Shaw,57
1705,Nicole,Day,57
1706,Alicia,Moore,57
1707,Wyatt,Garcia,57
1708,Brian,Flores,57
1709,Emily,Russo,57
1710,Richard,Rubio,57
1711,Eileen,Williams,58
1712,Carol,Baker,58
1713,Emily,Hoffman,58
1714,James,Wright,58
1715,Thomas,Vasquez,58
1716,Justin,King,58
1717,Jaime,Howard,58
1718,Christopher,Sutton,58
1719,Anthony,Sherman,58
1720,Riley,Henry,58
1721,Shelley,Barton,58
1722,Steven,Taylor,58
1723,William,Dickerson,58
1724,Faith,Baker,58
1725,David,Hall,58
1726,Robert,Wang,58
1727,Nicholas,Mueller,58
1728,Katie,Smith,58
1729,Jeffrey,Phillips,58
1730,Morgan,Guerrero,58
1731,Joe,Bates,58
1732,Candace,Chapman,58
1733,Nicholas,Gutierrez,58
1734,Whitney,Mckenzie,58
1735,Ian,Yu,58
1736,Brandon,Rivera,58
1737,Linda,Blankenship,58
1738,Larry,Leach,58
1739,Julie,Martin,58
1740,Victor,Rocha,58
1741,Diana,Jones,59
1742,Nicholas,Valencia,59
1743,Michelle,Burns,59
1744,Anthony,Lin,59
1745,James,Mason,59
1746,Rebecca,Hopkins,59
1747,Diamond,Strong,59
1748,Sarah,Williams,59
1749,Sandra,Cross,59
1750,Douglas,Greene,59
1751,Kayla,Blankenship,59
1752,Elizabeth,Hanson,59
1753,Jonathan,Holmes,59
1754,Kelsey,Cunningham,59
1755,Steve,Thornton,59
1756,Amanda,Edwards,59
1757,Carla,Mitchell,59
1758,Ian,Ortega,59
1759,Kristi,Martinez,59
1760,John,Rodriguez,59
1761,Patricia,Smith,59
1762,Justin,Ryan,59
1763,Chad,Gallagher,59
1764,Natalie,Kaufman,59
1765,Chad,Lopez,59
1766,Daniel,Russell,59
1767,Jerry,Wilson,59
1768,Victoria,Barnett,59
1769,Jasmin,Ferrell,59
1770,Matthew,Green,59
1771,Cody,Erickson,60
1772,Matthew,Wilson,60
1773,Danielle,Sanchez,60
1774,Brenda,Mejia,60
1775,Jeremy,Diaz,60
1776,Anthony,Medina,60
1777,John,Morales,60
1778,Mary,Roberts,60
1779,Joshua,Ford,60
1780,Lindsey,Cannon,60
1781,Krista,Tucker,60
1782,Ashlee,Aguilar,60
1783,Crystal,Perez,60
1784,Jessica,Nunez,60
1785,Michael,Gonzalez,60
1786,Christopher,Parks,60
1787,Brian,Nelson,60
1788,Michael,Rodriguez,60
1789,Brian,Harris,60
1790,Samuel,Mills,60
1791,Ronald,Turner,60
1792,Brad,Mcmillan,60
1793,Kyle,Mitchell,60
1794,Eugene,Strong,60
1795,Brandon,Lawrence,60
1796,Bryce,Wu,60
1797,Allen,Sampson,60
1798,Ashley,Wyatt,60
1799,Andrew,Obrien,60
1800,Christina,Harris,60
1801,James,Duke,61
1802,Julie,Powers,61
1803,Karen,Young,61
1804,Rachel,Washington,61
1805,Alicia,Wade,61
1806,Mark,Pacheco,61
1807,Christopher,Ford,61
1808,Austin,Patrick,61
1809,Jacqueline,Villa,61
1810,Bryan,Anderson,61
1811,Stanley,Hoover,61
1812,Jonathan,Stanley,61
1813,Karen,Gray,61
1814,Jeffrey,Scott,61
1815,Robin,Moore,61
1816,Tina,Adams,61
1817,Alexander,Grant,61
1818,Brittany,Marshall,61
1819,Marie,Reyes,61
1820,Steven,Adkins,61
1821,Joy,Wilson,61
1822,Tiffany,Garza,61
1823,Sharon,Craig,61
1824,Shelley,White,61
1825,Marcus,Melton,61
1826,Jose,Fisher,61
1827,Sabrina,Perry,61
1828,Dylan,Brown,61
1829,Katherine,Sanchez,61
1830,Matthew,Johnson,61
1831,Jennifer,Smith,62
1832,Peter,Jackson,62
1833,David,Cox,62
1834,Alexis,Miller,62
1835,Natalie,Mata,62
1836,Natalie,Pierce,62
1837,Lynn,Howard,62
1838,Sharon,Carter,62
1839,James,Lewis,62
1840,Sharon,Hall,62
1841,Justin,Baldwin,62
1842,Bonnie,Johnson,62
1843,Kurt,White,62
1844,Laura,Moody,62
1845,Erica,Andrews,62
1846,Emily,Ramirez,62
1847,George,Smith,62
1848,Anthony,Lam,62
1849,Stephanie,Phillips,62
1850,Edward,Lane,62
1851,Jessica,Santos,62
1852,Olivia,Thompson,62
1853,Lisa,Davis,62
1854,Melody,Carter,62
1855,Jacob,Dawson,62
1856,Angela,Clark,62
1857,Philip,Coleman,62
1858,Noah,Smith,62
1859,Lisa,Martinez,62
1860,Andrea,Barber,62
1861,Bobby,Gibbs,63
1862,Brandy,Mckay,63
1863,Lisa,Robinson,63
1864,Steven,Palmer,63
1865,Diane,Lee,63
1866,Amber,Ballard,63
1867,Timothy,Petty,63
1868,Brenda,Cross,63
1869,Leah,Johnson,63
1870,Alison,Baxter,63
1871,Steven,Martin,63
1872,David,Leonard,63
1873,James,Grant,63
1874,Valerie,Herman,63
1875,Jennifer,Wolf,63
1876,Brandi,Flores,63
1877,Daniel,Newton,63
1878,Sheila,Johnson,63
1879,Timothy,Hudson,63
1880,Sandra,Jenkins,63
1881,Sherry,West,63
1882,Jason,Wilson,63
1883,Morgan,Fields,63
1884,Jennifer,Johnson,63
1885,Chris,Massey,63
1886,Lauren,Lucas,63
1887,Gina,Thompson,63
1888,Brandi,Gonzalez,63
1889,Frank,Palmer,63
1890,Rachel,Reeves,63
1891,Johnny,Cannon,64
1892,David,Garcia,64
1893,Timothy,Smith,64
1894,Julie,Friedman,64
1895,Jason,Brown,64
1896,Brittany,Smith,64
1897,Michael,White,64
1898,Stephanie,Morales,64
1899,Steven,Walter,64
1900,Erin,Garrison,64
1901,Juan,Mills,64
1902,Michael,Wise,64
1903,Earl,Clayton,64
1904,Amanda,Ross,64
1905,Debra,Mack,64
1906,Gina,Cochran,64
1907,Richard,Hays,64
1908,Justin,Alexander,64
1909,Ryan,Ruiz,64
1910,Craig,Jackson,64
1911,Andrew,Garrison,64
1912,Robin,Love,64
1913,Mary,Madden,64
1914,Tina,Long,64
1915,Tina,Olson,64
1916,Matthew,Yates,64
1917,Jason,Williamson,64
1918,Sean,Ortega,64
1919,Daniel,Garrett,64
1920,Scott,Kemp,64
1921,Connie,Guzman,65
1922,David,Dunn,65
1923,Alexandra,Thompson,65
1924,Jennifer,Gutierrez,65
1925,Joseph,Bullock,65
1926,Tara,Weber,65
1927,Karen,Hughes,65
1928,Susan,Romero,65
1929,Steven,Waller,65
1930,William,Dixon,65
1931,Jeffery,Harrington,65
1932,Ashley,Moore,65
1933,Timothy,Wagner,65
1934,Xavier,Anderson,65
1935,Jacob,Jackson,65
1936,Emily,Carter,65
1937,Mark,Gomez,65
1938,Bruce,Buchanan,65
1939,Jessica,Barnett,65
1940,Sandra,Villegas,65
1941,Kristen,Nichols,65
1942,Luis,Webb,65
1943,William,Ho,65
1944,Brittany,Jones,65
1945,Jeremy,Porter,65
1946,Sheri,Espinoza,65
1947,Molly,Tapia,65
1948,Steve,Baker,65
1949,Maria,Brown,65
1950,Michael,Ward,65
1951,Andrea,Smith,66
1952,Amanda,Cross,66
1953,Thomas,Medina,66
1954,Melinda,Bowen,66
1955,Joanne,Payne,66
1956,Kenneth,Fields,66
1957,Rebecca,Perez,66
1958,Aaron,Bell,66
1959,Thomas,Morris,66
1960,Judy,Grant,66
1961,Crystal,Kelly,66
1962,Michael,Walton,66
1963,Robert,Silva,66
1964,Alice,Moore,66
1965,Alan,Martin,66
1966,Carlos,Pennington,66
1967,Michael,Lawson,66
1968,Allison,Fletcher,66
1969,Carl,Jefferson,66
1970,Francisco,Conley,66
1971,Steven,Zimmerman,66
1972,Paul,Martin,66
1973,Denise,Kelly,66
1974,Robert,Watson,66
1975,Juan,King,66
1976,Dennis,Hamilton,66
1977,Amy,Lawson,66
1978,Richard,Everett,66
1979,Ethan,Carter,66
1980,Thomas,Shelton,66
1981,Thomas,May,67
1982,Shane,Mcpherson,67
1983,Charles,Jones,67
1984,James,Carroll,67
1985,Bruce,Mccall,67
1986,Jacqueline,Ramirez,67
1987,Penny,Green,67
1988,Alyssa,Santana,67
1989,Xavier,Coleman,67
1990,Anna,Abbott,67
1991,Aaron,Nelson,67
1992,Sara,Smith,67
1993,Teresa,Cobb,67
1994,Elizabeth,Wilson,67
1995,Suzanne,Johnson,67
1996,Mary,Nelson,67
1997,Ashley,Garcia,67
1998,Allison,Salazar,67
1999,Kimberly,Woods,67
2000,Erica,Stevens,67
2001,Gregory,Boone,67
2002,Daniel,Hall,67
2003,Thomas,Boyd,67
2004,Jesse,Wilson,67
2005,Ronald,Bell,67
2006,Michael,Elliott,67
2007,James,Holden,67
2008,Danielle,Brown,67
2009,Katherine,Cisneros,67
2010,Aaron,Ho,67
2011,William,Roberts,68
2012,Nathaniel,Williams,68
2013,Ashley,Meyer,68
2014,Heather,Hall,68
2015,Katie,Scott,68
2016,George,Hart,68
2017,Thomas,Hernandez,68
2018,Jennifer,Washington,68
2019,Leah,Webster,68
2020,Caroline,Parker,68
2021,Kristen,Hernandez,68
2022,Alexis,Thomas,68
2023,Bruce,Roberts,68
2024,Austin,Hobbs,68
2025,John,Sanchez,68
2026,James,Levy,68
2027,William,Sanchez,68
2028,Jessica,Stone,68
2029,Kenneth,Thompson,68
2030,Martha,Davis,68
2031,Michael,Bowman,68
2032,Amanda,Fields,68
2033,Kenneth,Lawson,68
2034,Kayla,Heath,68
2035,Victoria,Dudley,68
2036,Robert,Mcguire,68
2037,Rachel,Alvarez,68
2038,Alexis,Arnold,68
2039,Victoria,Perez,68
2040,Sonia,Jordan,68
2041,Kyle,Anthony,69
2042,Kimberly,Howard,69
2043,Charles,King,69
2044,Michael,Rice,69
2045,Christina,Collins,69
2046,Anita,Goodman,69
2047,Rachel,Moody,69
2048,John,Rasmussen,69
2049,Keith,Lyons,69
2050,Catherine,Patton,69
2051,Suzanne,Martin,69
2052,Douglas,Kim,69
2053,Lee,Reeves,69
2054,James,Sampson,69
2055,Christine,Martin,69
2056,Joshua,Atkins,69
2057,Melissa,Collins,69
2058,Jane,Green,69
2059,Joseph,Norris,69
2060,Justin,Contreras,69
2061,Nicole,Freeman,69
2062,Mark,Wilson,69
2063,Michael,Hicks,69
2064,Heather,Frost,69
2065,Matthew,Phillips,69
2066,Steven,Russell,69
2067,Lisa,Mora,69
2068,Mary,Wheeler,69
2069,Leah,Olson,69
2070,David,Williams,69
2071,Cheryl,Gray,70
2072,Wendy,Gibson,70
2073,Teresa,Sloan,70
2074,Jennifer,Brown,70
2075,Hector,Dorsey,70
2076,Christopher,Henderson,70
2077,Julia,Novak,70
2078,David,Morales,70
2079,Amy,Arnold,70
2080,Phillip,Harvey,70
2081,Jessica,Martinez,70
2082,Austin,Thomas,70
2083,Connie,Solis,70
2084,Vicki,Edwards,70
2085,Kim,Baker,70
2086,Madison,Conley,70
2087,Morgan,Vargas,70
2088,Aaron,Kirby,70
2089,Heather,Massey,70
2090,Brandon,Gamble,70
2091,Crystal,Noble,70
2092,Teresa,Williams,70
2093,Scott,Rubio,70
2094,James,Ward,70
2095,Reginald,Walsh,70
2096,Jeffrey,Day,70
2097,Angela,Spears,70
2098,Timothy,Price,70
2099,Charles,Mason,70
2100,Victoria,Flores,70
2101,John,Solomon,71
2102,Spencer,Bennett,71
2103,Edward,Hall,71
2104,Steven,Cohen,71
2105,Heather,Ellis,71
2106,Charles,Rodgers,71
2107,Rachel,Mitchell,71
2108,Sean,Nixon,71
2109,Tracy,Marquez,71
2110,Jennifer,Johnson,71
2111,Robert,Luna,71
2112,Danny,Brown,71
2113,Michael,Jefferson,71
2114,Chad,Ferguson,71
2115,Matthew,Rivera,71
2116,Beth,Gomez,71
2117,Ian,Miller,71
2118,Gerald,Lambert,71
2119,Steven,Khan,71
2120,Nicole,Evans,71
2121,Curtis,Jones,71
2122,Joshua,Lewis,71
2123,Katherine,Poole,71
2124,Jesse,Montoya,71
2125,Juan,Chavez,71
2126,Amanda,Thomas,71
2127,Madeline,West,71
2128,Nicole,Patterson,71
2129,Paul,Carter,71
2130,Bethany,Martinez,71
2131,Vincent,Price,72
2132,Sarah,Valdez,72
2133,Nicholas,Cantrell,72
2134,Brandon,Anderson,72
2135,Yolanda,Walker,72
2136,Christopher,Galloway,72
2137,Jason,Kaiser,72
2138,Hunter,Hogan,72
2139,Nancy,Murray,72
2140,Daniel,Martinez,72
2141,Juan,Hernandez,72
2142,Jill,Vance,72
2143,Stephanie,Davis,72
2144,Tracy,Harris,72
2145,Melanie,Hudson,72
2146,Erica,Bender,72
2147,Michelle,Gonzalez,72
2148,Stephanie,Murphy,72
2149,Jeffrey,Richards,72
2150,Eric,Levy,72
2151,Sabrina,Reed,72
2152,Donna,Ramirez,72
2153,Carmen,Reyes,72
2154,Joe,Garcia,72
2155,Laura,Bennett,72
2156,Richard,Morales,72
2157,Tiffany,Taylor,72
2158,Thomas,Thomas,72
2159,Michael,Sheppard,72
2160,Jamie,Mack,72
2161,Joanna,Rivera,73
2162,Patrick,Reyes,73
2163,Joshua,Berg,73
2164,Joseph,Bailey,73
2165,Marcus,Deleon,73
2166,Amber,Sullivan,73
2167,Robert,Watson,73
2168,Kelly,Bridges,73
2169,Mark,Anderson,73
2170,Andrew,Bradley,73
2171,Heather,Pearson,73
2172,Maria,Johnson,73
2173,Kristin,Reed,73
2174,Jodi,Foley,73
2175,Michael,Norman,73
2176,John,Cross,73
2177,Tina,Davis,73
2178,Susan,Davidson,73
2179,Danielle,Spencer,73
2180,Russell,Baker,73
2181,Jacob,Brown,73
2182,Michael,Vazquez,73
2183,Robert,Miller,73
2184,Christopher,Martin,73
2185,Steven,Romero,73
2186,Wesley,Myers,73
2187,Maureen,Stevens,73
2188,Diana,Taylor,73
2189,Sandra,Robinson,73
2190,Robert,Robles,73
2191,Jessica,Patterson,74
2192,David,Herrera,74
2193,David,Hudson,74
2194,Dawn,Krause,74
2195,David,Long,74
2196,Paula,Stephenson,74
2197,Charles,Ponce,74
2198,Tiffany,Stevens,74
2199,Linda,Williamson,74
2200,Kenneth,Peterson,74
2201,Mary,Day,74
2202,Walter,Anthony,74
2203,Emily,Cruz,74
2204,Raymond,Roman,74
2205,Kaitlyn,Davies,74
2206,Ronald,Dunn,74
2207,Amy,Casey,74
2208,Jeffrey,Decker,74
2209,Brittany,Watts,74
2210,Heidi,Francis,74
2211,Christian,Bradley,74
2212,Connie,Wolfe,74
2213,Emily,Edwards,74
2214,Roy,Young,74
2215,Phillip,Leach,74
2216,Kevin,Macias,74
2217,Mary,Sandoval,74
2218,Deanna,Ward,74
2219,Brenda,Jackson,74
2220,Ronald,Joseph,74
2221,Richard,Fowler,75
2222,Vanessa,Bishop,75
2223,Kathleen,Terrell,75
2224,Matthew,Shaw,75
2225,Carla,Rush,75
2226,Angela,Trujillo,75
2227,Jerome,Smith,75
2228,Joel,Page,75
2229,Michael,Miller,75
2230,Jonathan,Baker,75
2231,Derrick,Gomez,75
2232,Jennifer,Rogers,75
2233,Alyssa,Mccoy,75
2234,Melinda,Garner,75
2235,Ruth,Robertson,75
2236,Susan,Hurley,75
2237,John,Harris,75
2238,Joe,Henderson,75
2239,Kelli,Castillo,75
2240,Jennifer,Lucero,75
2241,Ann,Becker,75
2242,Lauren,Maldonado,75
2243,Cesar,Holloway,75
2244,Wanda,Jimenez,75
2245,Cory,Calhoun,75
2246,Brandy,Bowen,75
2247,Daniel,Medina,75
2248,Joseph,Moore,75
2249,Cathy,Wheeler,75
2250,Taylor,Patton,75
2251,Hayley,Middleton,76
2252,Marie,Murillo,76
2253,John,Adams,76
2254,Erica,Tucker,76
2255,Heather,Roberts,76
2256,Timothy,Gutierrez,76
2257,Jake,Johnson,76
2258,Alyssa,White,76
2259,Patricia,Graham,76
2260,Nicole,Tran,76
2261,Gabriel,Ford,76
2262,Allen,Carrillo,76
2263,Felicia,Williams,76
2264,Tammie,Holloway,76
2265,Ashley,Taylor,76
2266,Catherine,Little,76
2267,Jessica,Allen,76
2268,David,Henry,76
2269,Christian,Tucker,76
2270,Andrea,Townsend,76
2271,Natasha,Fields,76
2272,David,Anderson,76
2273,Elizabeth,Long,76
2274,Larry,Smith,76
2275,Joseph,Greene,76
2276,Pamela,Moore,76
2277,Valerie,Burns,76
2278,Curtis,Gibson,76
2279,Heather,Jenkins,76
2280,Mary,Jones,76
2281,Robert,Gordon,77
2282,Patricia,Lewis,77
2283,Roy,Allen,77
2284,Natasha,Nguyen,77
2285,Brian,Campbell,77
2286,Nicole,Jackson,77
2287,Robert,Joyce,77
2288,Jeffrey,Lopez,77
2289,Margaret,Leonard,77
2290,Robin,Ward,77
2291,Susan,Estrada,77
2292,Cody,Stevenson,77
2293,Christina,Smith,77
2294,Deanna,Oliver,77
2295,Kevin,Munoz,77
2296,Jonathan,Taylor,77
2297,John,Hawkins,77
2298,Amanda,Jackson,77
2299,Megan,Sutton,77
2300,Daniel,Macdonald,77
2301,Laurie,Richmond,77
2302,Anthony,Diaz,77
2303,Lisa,Bautista,77
2304,Michael,Hudson,77
2305,David,Rivers,77
2306,Brandon,Holt,77
2307,Patrick,Sullivan,77
2308,Johnny,Griffin,77
2309,Jack,Valentine,77
2310,Eric,Martinez,77
2311,Joseph,Montoya,78
2312,Jesse,Humphrey,78
2313,John,Jackson,78
2314,Michael,Taylor,78
2315,Dana,Pena,78
2316,Stephanie,Sloan,78
2317,Kari,Medina,78
2318,Dennis,Foster,78
2319,Zachary,Morales,78
2320,Anthony,Garcia,78
2321,Michael,Conrad,78
2322,Tiffany,Pratt,78
2323,Jeffrey,Krause,78
2324,Amber,Jackson,78
2325,Carol,Garcia,78
2326,Chad,Sandoval,78
2327,Brooke,Moore,78
2328,Zachary,Hopkins,78
2329,Heather,Franklin,78
2330,Sheila,Perez,78
2331,Amanda,Burnett,78
2332,Michael,Holland,78
2333,Kevin,Green,78
2334,Brandi,Lopez,78
2335,Kristi,Decker,78
2336,Melissa,Patterson,78
2337,Teresa,Walters,78
2338,Diana,Martinez,78
2339,Alexis,Johnson,78
2340,Donna,Luna,78
2341,William,Banks,79
2342,Blake,Nguyen,79
2343,Eric,Mayo,79
2344,Richard,Martin,79
2345,Valerie,Kelly,79
2346,Mathew,Jones,79
2347,Margaret,Ryan,79
2348,Denise,Smith,79
2349,Eric,Young,79
2350,Steven,Williams,79
2351,Angela,Herman,79
2352,Brian,Jones,79
2353,Ebony,Molina,79
2354,Jennifer,Parker,79
2355,Marcus,Newman,79
2356,Nicole,Cisneros,79
2357,Nicholas,Brown,79
2358,Benjamin,Phelps,79
2359,Gabriella,Yang,79
2360,Zachary,Nguyen,79
2361,Sharon,Lynn,79
2362,Sarah,Morales,79
2363,Linda,Thomas,79
2364,Robert,Peterson,79
2365,Desiree,Anderson,79
2366,Heather,Oneill,79
2367,Sean,Nguyen,79
2368,Guy,King,79
2369,Mary,Stephens,79
2370,Daniel,Nichols,79
2371,John,Myers,80
2372,Robert,Anderson,80
2373,Barry,Wells,80
2374,Sherry,Evans,80
2375,Melissa,Bruce,80
2376,Aaron,Bowers,80
2377,Eric,Butler,80
2378,Meghan,Ramos,80
2379,Michael,Williams,80
2380,Rachel,Moore,80
2381,Gregory,Morrison,80
2382,Damon,Smith,80
2383,Travis,Frey,80
2384,Renee,Ellis,80
2385,Robin,Johnson,80
2386,Chris,Johnson,80
2387,Allison,Bullock,80
2388,Hailey,Fischer,80
2389,Sharon,Foley,80
2390,Katelyn,Mckay,80
2391,Thomas,Wood,80
2392,Lindsay,Stewart,80
2393,Candice,Park,80
2394,Melanie,Holt,80
2395,Julia,Thomas,80
2396,Carrie,Green,80
2397,Lauren,Silva,80
2398,Dana,Turner,80
2399,Troy,Burnett,80
2400,Sara,Ayala,80
2401,Kelsey,Donaldson,81
2402,Alex,Clark,81
2403,Joshua,Allen,81
2404,Joseph,Romero,81
2405,Daniel,Combs,81
2406,Amy,Mcdonald,81
2407,Matthew,Brown,81
2408,Cody,Hurley,81
2409,Danielle,Davidson,81
2410,William,Mitchell,81
2411,Mary,Smith,81
2412,Brent,Wilkinson,81
2413,Molly,Roberts,81
2414,Robert,Avila,81
2415,Rachel,Butler,81
2416,Casey,Tran,81
2417,Jaclyn,Maxwell,81
2418,Andrea,Jenkins,81
2419,Kyle,Davis,81
2420,Daniel,Patrick,81
2421,Luke,Oconnor,81
2422,Ashley,Reynolds,81
2423,Linda,Watkins,81
2424,Victoria,Bowers,81
2425,Kimberly,Johnson,81
2426,John,Gibson,81
2427,Erik,Mcgee,81
2428,Jennifer,Nelson,81
2429,Amanda,Miles,81
2430,Robert,Green,81
2431,Mitchell,Russell,82
2432,David,Alexander,82
2433,Felicia,Ford,82
2434,James,Foster,82
2435,Christopher,Yates,82
2436,Richard,Underwood,82
2437,Heather,Frey,82
2438,Charles,Charles,82
2439,Joshua,Lewis,82
2440,Jaclyn,Massey,82
2441,April,Quinn,82
2442,Abigail,Li,82
2443,Adam,Rogers,82
2444,Audrey,Rodriguez,82
2445,William,Orozco,82
2446,Elizabeth,Martinez,82
2447,Lawrence,Fisher,82
2448,Alice,Boyd,82
2449,Melissa,Graves,82
2450,Scott,Dunn,82
2451,Matthew,Foster,82
2452,Jerry,Austin,82
2453,Bryan,David,82
2454,Sarah,Austin,82
2455,Brandon,Snyder,82
2456,Natalie,Myers,82
2457,Michael,Riley,82
2458,Kimberly,Williams,82
2459,Lisa,Nelson,82
2460,Natalie,Maddox,82
2461,Kristin,Gonzalez,83
2462,Debbie,Ruiz,83
2463,Katie,Blanchard,83
2464,Justin,Taylor,83
2465,Barbara,Mitchell,83
2466,James,Woods,83
2467,David,Austin,83
2468,John,Phillips,83
2469,Jeremy,Thompson,83
2470,Sabrina,Vargas,83
2471,Patricia,Cannon,83
2472,Veronica,Berg,83
2473,James,Moore,83
2474,Peggy,Palmer,83
2475,Lauren,Vargas,83
2476,Christopher,Strong,83
2477,Carol,Burgess,83
2478,Kelsey,Bridges,83
2479,Shannon,Johnson,83
2480,Elijah,Thomas,83
2481,Angela,Gonzalez,83
2482,Shari,Bailey,83
2483,Nicole,Davis,83
2484,Tiffany,Cook,83
2485,Leah,Nelson,83
2486,Daniel,Rogers,83
2487,Amanda,Carter,83
2488,Andrew,Flores,83
2489,Nina,Morris,83
2490,Ian,White,83
2491,Gary,King,84
2492,Jeremy,Montoya,84
2493,Paul,Key,84
2494,Robert,Brown,84
2495,Gina,Lowery,84
2496,Erika,Mullen,84
2497,Devin,Valdez,84
2498,Melvin,Cook,84
2499,Joseph,Anderson,84
2500,Cynthia,Bright,84
2501,Jenna,Stevens,84
2502,Angela,Johnson,84
2503,Amber,Robinson,84
2504,Jeremy,Blake,84
2505,Robert,Dunlap,84
2506,Amy,Williams,84
2507,Stephen,Hartman,84
2508,William,Ray,84
2509,Stacey,Gray,84
2510,Susan,Johnson,84
2511,John,Carr,84
2512,Zachary,Aguilar,84
2513,Matthew,Cohen,84
2514,Sarah,Torres,84
2515,Steven,Wilson,84
2516,Theresa,Ford,84
2517,Elizabeth,Kennedy,84
2518,Christopher,Caldwell,84
2519,Samantha,Robinson,84
2520,Michelle,Deleon,84
2521,Robert,Heath,85
2522,Tyler,Chaney,85
2523,Christina,Ellis,85
2524,Karen,Walsh,85
2525,Kylie,Garza,85
2526,Michelle,Hughes,85
2527,Edward,Martinez,85
2528,Kiara,Daniels,85
2529,April,Petty,85
2530,Kevin,Cowan,85
2531,Jonathan,Mason,85
2532,Jack,Wilson,85
2533,Samantha,Wallace,85
2534,Angela,Wiggins,85
2535,Theresa,Lewis,85
2536,Alyssa,Hall,85
2537,David,Edwards,85
2538,Devin,Richards,85
2539,Alexandra,Ramos,85
2540,Mark,Lee,85
2541,Brandon,Murphy,85
2542,Emily,Walker,85
2543,Matthew,Herring,85
2544,Janet,Curtis,85
2545,Jessica,Tucker,85
2546,Sherri,Martinez,85
2547,Brian,Luna,85
2548,Brian,Wang,85
2549,John,Jones,85
2550,Allison,Phillips,85
2551,James,Bowers,86
2552,Andrew,Sullivan,86
2553,Donna,Martinez,86
2554,James,Wilson,86
2555,Bryan,Rojas,86
2556,Douglas,Chang,86
2557,Jennifer,Myers,86
2558,Anthony,Wilson,86
2559,Natasha,Stewart,86
2560,Tiffany,Holt,86
2561,Brian,Reed,86
2562,Jamie,Anderson,86
2563,Thomas,Patterson,86
2564,Megan,Jacobs,86
2565,Diana,Bailey,86
2566,Angela,Clements,86
2567,Tammy,Smith,86
2568,Cindy,French,86
2569,Charles,Nguyen,86
2570,Pamela,Rodriguez,86
2571,Anthony,West,86
2572,Melanie,Hernandez,86
2573,Paul,Massey,86
2574,Alicia,Gonzales,86
2575,Donald,Parker,86
2576,Shannon,Thomas,86
2577,Linda,Jones,86
2578,Kristin,Mack,86
2579,Christina,King,86
2580,Brittany,Brown,86
2581,Shane,Combs,87
2582,Timothy,Gillespie,87
2583,Michael,Contreras,87
2584,Elizabeth,Ibarra,87
2585,Anita,Cooper,87
2586,Megan,Torres,87
2587,Kathleen,Higgins,87
2588,Barry,Gray,87
2589,Susan,Blanchard,87
2590,Sarah,Patel,87
2591,Lee,Moss,87
2592,Amanda,Burns,87
2593,Sara,Day,87
2594,Kelly,Thornton,87
2595,Kayla,Stewart,87
2596,Michael,Ferguson,87
2597,Kelsey,Alexander,87
2598,Erica,Mercer,87
2599,Richard,Mcclure,87
2600,Joseph,Warren,87
2601,Craig,Bright,87
2602,Donald,Russell,87
2603,Ryan,Knight,87
2604,Haley,Bell,87
2605,Cynthia,Poole,87
2606,Tony,Anderson,87
2607,Kelly,Barnett,87
2608,Nicholas,Price,87
2609,Mandy,Cohen,87
2610,Amy,Sanchez,87
2611,Katelyn,Massey,88
2612,John,Frye,88
2613,Cassidy,Holt,88
2614,Lisa,Cook,88
2615,Gabrielle,Romero,88
2616,Jose,Moore,88
2617,Curtis,Dorsey,88
2618,Peggy,Hines,88
2619,Martin,Johnson,88
2620,Bruce,King,88
2621,Danielle,Miles,88
2622,Barbara,Long,88
2623,Gregory,Williams,88
2624,Amanda,Hendrix,88
2625,Roy,Fields,88
2626,Zachary,Long,88
2627,Ricardo,Palmer,88
2628,Kristy,Steele,88
2629,Michael,Vargas,88
2630,Sarah,Johnson,88
2631,Michelle,Parker,88
2632,Douglas,Martin,88
2633,Anna,Wright,88
2634,David,Welch,88
2635,Troy,Lloyd,88
2636,Thomas,Taylor,88
2637,Susan,Beck,88
2638,Lisa,Potts,88
2639,William,Klein,88
2640,Alexander,Richardson,88
2641,Brett,Palmer,89
2642,Scott,Gray,89
2643,Jamie,Cline,89
2644,Cameron,Harris,89
2645,Stacy,Smith,89
2646,Zachary,Williams,89
2647,Nicholas,Huff,89
2648,Robin,Hayden,89
2649,Robert,Reynolds,89
2650,Jessica,Vargas,89
2651,Shane,Sanchez,89
2652,Brian,Cherry,89
2653,Susan,Morse,89
2654,Elizabeth,Edwards,89
2655,Sheri,Moore,89
2656,Joshua,Nicholson,89
2657,Tracy,James,89
2658,Jason,Ramos,89
2659,James,Grant,89
2660,Kimberly,Mitchell,89
2661,Isaac,Walsh,89
2662,Sarah,Jones,89
2663,Mary,Arnold,89
2664,Joshua,Lewis,89
2665,Natalie,Wright,89
2666,Joseph,Martinez,89
2667,Daniel,Gonzalez,89
2668,Dale,Rodriguez,89
2669,Jacob,West,89
2670,Phillip,Ali,89
2671,Cheryl,Fields,90
2672,Jack,Brown,90
2673,Michael,Larsen,90
2674,Jacob,Adkins,90
2675,Austin,Villegas,90
2676,Christopher,Terrell,90
2677,Ryan,Page,90
2678,Erica,Collins,90
2679,Patrick,Walters,90
2680,Jay,Johnson,90
2681,James,Smith,90
2682,Edwin,Carrillo,90
2683,Teresa,Weiss,90
2684,Clayton,West,90
2685,Mark,Scott,90
2686,Daniel,Black,90
2687,Daniel,Johnson,90
2688,Michelle,Perez,90
2689,Jeremiah,Larson,90
2690,Jorge,Swanson,90
2691,William,Phillips,90
2692,Daniel,Blanchard,90
2693,Crystal,Martinez,90
2694,Christian,Elliott,90
2695,Katherine,Diaz,90
2696,Mary,Hill,90
2697,Tracy,Wolf,90
2698,Corey,Logan,90
2699,Tiffany,Wallace,90
2700,Patricia,Dunn,90
2701,Jeffrey,Mckee,91
2702,Brian,Dodson,91
2703,Christine,Allen,91
2704,Patrick,Lee,91
2705,Erin,Snyder,91
2706,Michael,Robbins,91
2707,Jacob,Cohen,91
2708,Daniel,Jones,91
2709,Justin,Cochran,91
2710,Sheri,Schmidt,91
2711,John,Jackson,91
2712,Kelly,Scott,91
2713,Kimberly,Patterson,91
2714,Renee,Owens,91
2715,Nathan,Hobbs,91
2716,Chad,Walker,91
2717,Dalton,Mendoza,91
2718,Jessica,Hernandez,91
2719,Eddie,Cooper,91
2720,Curtis,Zavala,91
2721,Yvette,Odom,91
2722,Sabrina,Johnson,91
2723,Tonya,Delgado,91
2724,Wendy,Richmond,91
2725,Christopher,Armstrong,91
2726,Courtney,Clements,91
2727,John,Rodriguez,91
2728,Michael,Gonzalez,91
2729,Kathryn,Woods,91
2730,Susan,Fletcher,91
2731,Adam,Munoz,92
2732,Margaret,Ross,92
2733,Morgan,Roy,92
2734,Adam,Franklin,92
2735,Teresa,Kelley,92
2736,Daniel,Smith,92
2737,Francisco,Robles,92
2738,Cody,Thompson,92
2739,Maria,Johnson,92
2740,James,Evans,92
2741,Allen,Montgomery,92
2742,Karen,Huynh,92
2743,Madison,Simon,92
2744,Nicole,Martin,92
2745,Bonnie,Parker,92
2746,Kimberly,Bird,92
2747,Matthew,Franklin,92
2748,Michael,Cooper,92
2749,Anna,Fields,92
2750,Amber,Mcgee,92
2751,Adam,Mills,92
2752,Joshua,Small,92
2753,Amy,Harris,92
2754,Justin,Morrison,92
2755,Mary,Williams,92
2756,Daniel,Peterson,92
2757,Barbara,Rowe,92
2758,Victor,Mitchell,92
2759,Felicia,Hancock,92
2760,Randy,Rodriguez,92
2761,Brenda,Johnson,93
2762,Ralph,Berg,93
2763,Timothy,Price,93
2764,Donald,Schultz,93
2765,Michael,Alvarado,93
2766,Mary,Turner,93
2767,Kristine,Townsend,93
2768,Caitlin,Williams,93
2769,Latasha,Downs,93
2770,Robert,Jones,93
2771,Connie,Lewis,93
2772,Julie,Mccann,93
2773,Rodney,Schwartz,93
2774,Betty,Young,93
2775,Carol,Prince,93
2776,Brandi,Crawford,93
2777,Anthony,Smith,93
2778,Andrew,Hernandez,93
2779,William,Gomez,93
2780,Eduardo,Nixon,93
2781,Ryan,Trevino,93
2782,Michael,Green,93
2783,Abigail,Vaughan,93
2784,Benjamin,Alvarez,93
2785,Christopher,Leonard,93
2786,Samuel,Kennedy,93
2787,Daniel,King,93
2788,Scott,Warren,93
2789,Shelly,Gomez,93
2790,Mallory,Becker,93
2791,Tiffany,Young,94
2792,Cody,Hebert,94
2793,Rebecca,Martin,94
2794,Donald,Dodson,94
2795,Brian,Carson,94
2796,Rachel,Martin,94
2797,Virginia,Cain,94
2798,Natasha,Warner,94
2799,Nancy,Humphrey,94
2800,Alejandro,Colon,94
2801,Susan,Davis,94
2802,Anthony,Beasley,94
2803,Brian,Neal,94
2804,Alexandra,Tapia,94
2805,Sarah,Hudson,94
2806,Sydney,Golden,94
2807,Kenneth,Jackson,94
2808,Teresa,Kim,94
2809,Patricia,Thompson,94
2810,Nathan,Anderson,94
2811,Anthony,Newton,94
2812,Danielle,Smith,94
2813,Jamie,Perez,94
2814,Kevin,Haynes,94
2815,David,Boone,94
2816,Christopher,Montes,94
2817,Kimberly,Black,94
2818,Jay,Aguilar,94
2819,Christina,Carpenter,94
2820,Gregory,Reed,94
2821,Abigail,Garza,95
2822,Shelby,Stevens,95
2823,William,Smith,95
2824,Richard,Serrano,95
2825,Nicole,Schroeder,95
2826,Joseph,Warner,95
2827,Daniel,Scott,95
2828,Adam,Davidson,95
2829,Susan,Adkins,95
2830,Elizabeth,Salazar,95
2831,Brandon,Caldwell,95
2832,Julie,Schultz,95
2833,Christopher,Sanchez,95
2834,Angela,Bailey,95
2835,Kristen,Schneider,95
2836,Tanya,Mitchell,95
2837,Bianca,Walker,95
2838,Rebecca,Anderson,95
2839,Mario,Hull,95
2840,Trevor,Guzman,95
2841,Mary,James,95
2842,Rebecca,Delgado,95
2843,Brandon,Rice,95
2844,Lisa,Key,95
2845,James,Soto,95
2846,Evan,Fisher,95
2847,Donna,Key,95
2848,David,Watson,95
2849,Michael,Alvarado,95
2850,Justin,Pena,95
2851,Cody,Barker,96
2852,Damon,Barker,96
2853,Kristin,Hamilton,96
2854,Michael,Ruiz,96
2855,Yvonne,Baker,96
2856,Zachary,Leach,96
2857,Jasmine,Williams,96
2858,Christopher,Rodriguez,96
2859,Jacqueline,Love,96
2860,Jonathan,Dyer,96
2861,Valerie,Anderson,96
2862,Heather,Pham,96
2863,Michael,Obrien,96
2864,Rebecca,Navarro,96
2865,Eugene,Lawrence,96
2866,Michael,Gardner,96
2867,Kelly,Gomez,96
2868,Christopher,Kelly,96
2869,Michael,Anderson,96
2870,James,Ferguson,96
2871,Andrea,Garza,96
2872,Jeremy,Smith,96
2873,Michael,Chase,96
2874,Karen,Jones,96
2875,Thomas,Sawyer,96
2876,Amy,Hall,96
2877,Mitchell,Garcia,96
2878,Jonathan,Hernandez,96
2879,Cindy,Taylor,96
2880,Michael,Love,96
2881,April,Johnson,97
2882,Hannah,Ford,97
2883,Chris,Mendoza,97
2884,Kelsey,Carpenter,97
2885,Marissa,Beard,97
2886,Jason,Wallace,97
2887,Virginia,Blake,97
2888,Breanna,Allen,97
2889,Bethany,Ware,97
2890,Jessica,Villarreal,97
2891,Laura,Richards,97
2892,Emily,Boyle,97
2893,Keith,Newton,97
2894,Lisa,Foster,97
2895,Kelly,Pineda,97
2896,Kirsten,Hudson,97
2897,Robert,Richmond,97
2898,Michael,Davis,97
2899,Brandy,Liu,97
2900,Whitney,Miller,97
2901,Traci,Cox,97
2902,Frank,Jones,97
2903,Amanda,Brown,97
2904,Douglas,Kennedy,97
2905,Jeremy,Giles,97
2906,Peter,Hill,97
2907,Benjamin,Davenport,97
2908,Jonathan,Johnston,97
2909,Cassandra,Livingston,97
2910,Joel,Hunter,97
2911,Morgan,Santana,98
2912,Peter,Copeland,98
2913,Keith,Moore,98
2914,David,Armstrong,98
2915,Sarah,Walker,98
2916,Kimberly,Webb,98
2917,Valerie,Jenkins,98
2918,Melanie,Oconnell,98
2919,Jessica,Smith,98
2920,Beverly,Washington,98
2921,Evan,Norman,98
2922,Danielle,Simpson,98
2923,Allison,Valdez,98
2924,Carl,Esparza,98
2925,Jessica,Gray,98
2926,Lindsay,Holmes,98
2927,Eddie,Smith,98
2928,Daniel,Joseph,98
2929,Lisa,Jenkins,98
2930,Bonnie,Silva,98
2931,Charles,Stephens,98
2932,Robin,Meyer,98
2933,Edward,Gross,98
2934,Theresa,Blevins,98
2935,Tonya,Moore,98
2936,Amy,Robinson,98
2937,Rebecca,Adkins,98
2938,Rita,Rhodes,98
2939,Shari,Sawyer,98
2940,Chelsea,Ho,98
2941,Robert,Brewer,99
2942,Debra,Reyes,99
2943,Lawrence,Thompson,99
2944,Allen,Barrett,99
2945,Priscilla,Salas,99
2946,Eric,Choi,99
2947,Andrew,Payne,99
2948,Donald,Cruz,99
2949,Matthew,Novak,99
2950,Wesley,Murray,99
2951,Amy,King,99
2952,Karen,Deleon,99
2953,Austin,Ramirez,99
2954,Jeffrey,Taylor,99
2955,Monique,Fisher,99
2956,James,Acosta,99
2957,Kimberly,Campbell,99
2958,Cindy,Mueller,99
2959,Tammy,Mullins,99
2960,Lori,Ford,99
2961,Mary,Schroeder,99
2962,Russell,Ramirez,99
2963,Christopher,Young,99
2964,Raymond,Smith,99
2965,Dylan,Gutierrez,99
2966,Victoria,Morrow,99
2967,Janet,Larson,99
2968,Ashley,Smith,99
2969,Brian,Clay,99
2970,Paul,James,99
2971,Peter,Garrett,100
2972,Maureen,Sweeney,100
2973,Allen,Maddox,100
2974,Carolyn,Mcfarland,100
2975,Sean,Villanueva,100
2976,Jorge,Taylor,100
2977,Paul,Francis,100
2978,Richard,Brock,100
2979,Melissa,Banks,100
2980,Anthony,Juarez,100
2981,Eric,Russell,100
2982,Edwin,Rivera,100
2983,Breanna,Wagner,100
2984,Amanda,Chavez,100
2985,Felicia,Bell,100
2986,Rachel,Wolfe,100
2987,Joshua,Compton,100
2988,Garrett,Adams,100
2989,Lori,Hughes,100
2990,Linda,Bailey,100
2991,Sharon,Bishop,100
2992,Renee,Nicholson,100
2993,Lindsay,Gross,100
2994,Ashley,Burnett,100
2995,Jodi,Rodriguez,100
2996,Anthony,Lopez,100
2997,Nancy,Bailey,100
2998,James,Kelly,100
2999,Christopher,Mcclain,100
3000,Amber,Gonzalez,100
3001,Darlene,Ramos,101
3002,Brittany,White,101
3003,Colleen,Porter,101
3004,Jessica,Grant,101
3005,Robin,Parker,101
3006,William,Phillips,101
3007,Michael,Schneider,101
3008,Brandon,Miller,101
3009,Patricia,Simon,101
3010,Christina,Bowers,101
3011,Karen,Morgan,101
3012,Thomas,Morales,101
3013,Mary,Gutierrez,101
3014,Brandon,Watts,101
3015,George,Owen,101
3016,Stefanie,Henson,101
3017,Emily,Taylor,101
3018,Brandon,Moore,101
3019,Randy,Nunez,101
3020,Shelby,Cruz,101
3021,Keith,Walker,101
3022,Brendan,Raymond,101
3023,Christina,Solis,101
3024,Gordon,Sanchez,101
3025,Heather,Cantu,101
3026,Edward,Beck,101
3027,Heather,Walsh,101
3028,Daniel,Holland,101
3029,Kelly,Moore,101
3030,Andrew,Johnson,101
3031,Linda,Hernandez,102
3032,Nicole,Vazquez,102
3033,Stephen,Waters,102
3034,Robert,Gillespie,102
3035,Brent,Simmons,102
3036,Regina,Smith,102
3037,Anthony,Ross,102
3038,Samantha,Harris,102
3039,Joy,Gonzales,102
3040,Laura,Cortez,102
3041,Joseph,Miller,102
3042,Angela,Ellis,102
3043,Nathaniel,Carlson,102
3044,Kelly,Walsh,102
3045,Anthony,Hunt,102
3046,Darlene,Carter,102
3047,Karen,Glenn,102
3048,Brian,Cole,102
3049,Sarah,Mcdonald,102
3050,Taylor,Hernandez,102
3051,Natalie,Fischer,102
3052,Rebecca,Thompson,102
3053,Jill,Crawford,102
3054,Douglas,Mejia,102
3055,Jay,Sanders,102
3056,Cameron,Campbell,102
3057,Kelly,Barnes,102
3058,Christopher,Schaefer,102
3059,Courtney,Palmer,102
3060,Shawn,Ross,102
3061,Lori,Carrillo,103
3062,Paul,Taylor,103
3063,Joshua,Wilkerson,103
3064,Wyatt,Mcgee,103
3065,Jeffery,Kane,103
3066,Laura,Hoffman,103
3067,Angela,Washington,103
3068,Daniel,Garcia,103
3069,Jessica,Krueger,103
3070,Mary,Long,103
3071,Victor,Ramirez,103
3072,Gregory,Page,103
3073,Julie,Blair,103
3074,Caitlin,Johnson,103
3075,Tami,Jackson,103
3076,Jose,Simmons,103
3077,Joanna,Robinson,103
3078,Jason,Atkinson,103
3079,Misty,Morgan,103
3080,Brian,Smith,103
3081,Traci,Berger,103
3082,Kevin,Austin,103
3083,Steven,Johnson,103
3084,Andrea,Day,103
3085,Morgan,Washington,103
3086,Carl,Thompson,103
3087,Justin,Rowe,103
3088,Donna,Barker,103
3089,Victoria,Walls,103
3090,Robert,Patterson,103
3091,Karen,Ponce,104
3092,Jean,Guzman,104
3093,Teresa,Richardson,104
3094,Emily,Mitchell,104
3095,Diana,Dunn,104
3096,Jake,Davis,104
3097,Antonio,Fernandez,104
3098,John,Frazier,104
3099,Johnny,Chan,104
3100,Jack,Singleton,104
3101,Nicholas,Bryant,104
3102,Colin,Gonzalez,104
3103,David,Hernandez,104
3104,James,Moore,104
3105,James,Martin,104
3106,Dawn,West,104
3107,Alan,Jackson,104
3108,Patricia,Johnson,104
3109,Brittany,Obrien,104
3110,Benjamin,Wright,104
3111,Daniel,Chen,104
3112,Misty,Farmer,104
3113,Russell,Jackson,104
3114,Lori,Shepard,104
3115,Debra,Grant,104
3116,James,Sullivan,104
3117,Barbara,Lucas,104
3118,Lisa,Jones,104
3119,Tina,Boone,104
3120,Carl,Bates,104
3121,Alexander,Cain,105
3122,Ryan,Morris,105
3123,Joseph,Cox,105
3124,Melinda,Johnson,105
3125,Rebecca,Casey,105
3126,Kristine,Thompson,105
3127,Martin,Anderson,105
3128,Todd,Bryant,105
3129,Kristina,Wolf,105
3130,Gerald,Dixon,105
3131,Calvin,Madden,105
3132,Kylie,Walker,105
3133,Amanda,Blackburn,105
3134,Denise,Sullivan,105
3135,Ryan,Dominguez,105
3136,Jared,Walton,105
3137,Brian,Larsen,105
3138,Javier,Espinoza,105
3139,Christine,Gonzalez,105
3140,Michael,Pena,105
3141,Cynthia,Reynolds,105
3142,Daniel,Cervantes,105
3143,Dustin,Olson,105
3144,Thomas,Ortega,105
3145,Anne,Tucker,105
3146,Kathleen,Huber,105
3147,Mary,Harmon,105
3148,Rebecca,Cochran,105
3149,John,Floyd,105
3150,Fred,Stephens,105
3151,Alison,Jones,106
3152,Raven,Atkins,106
3153,John,Spencer,106
3154,Nicholas,Page,106
3155,Herbert,Morris,106
3156,Norman,Pierce,106
3157,Lawrence,Kemp,106
3158,Thomas,Sullivan,106
3159,Nicole,Romero,106
3160,Christopher,Mills,106
3161,Lindsay,Sparks,106
3162,Glenda,Wise,106
3163,Rebekah,Young,106
3164,Matthew,Mcmahon,106
3165,Angela,Kim,106
3166,Christine,Patterson,106
3167,Albert,Shannon,106
3168,William,Reeves,106
3169,Mallory,Simpson,106
3170,Stephen,Boyd,106
3171,Valerie,Cisneros,106
3172,Brittany,Sawyer,106
3173,Edwin,Olsen,106
3174,Natalie,Mooney,106
3175,Travis,Shaw,106
3176,John,Douglas,106
3177,Erica,Smith,106
3178,Sandra,Benton,106
3179,Matthew,Petty,106
3180,Susan,Riley,106
3181,Patricia,Walker,107
3182,Gary,Becker,107
3183,Kayla,Patrick,107
3184,Daryl,Braun,107
3185,Julia,Hall,107
3186,Emily,Garza,107
3187,Taylor,Lewis,107
3188,Timothy,Cox,107
3189,Jeffrey,Adams,107
3190,Renee,Roberts,107
3191,Christopher,Hamilton,107
3192,John,Bird,107
3193,Maria,Sullivan,107
3194,Cassandra,Brown,107
3195,Mary,Hammond,107
3196,Michelle,Brown,107
3197,Darrell,Rodriguez,107
3198,Kyle,Levine,107
3199,Jason,Bradford,107
3200,Mary,Rollins,107
3201,Jeffrey,Hammond,107
3202,Justin,Strickland,107
3203,Jennifer,Wells,107
3204,Timothy,Rivers,107
3205,Gina,Palmer,107
3206,Casey,Perez,107
3207,Amber,Hodges,107
3208,Erin,Serrano,107
3209,Briana,Kidd,107
3210,Christopher,Brooks,107
3211,Joy,Watson,108
3212,Sherry,Moore,108
3213,Michelle,Williams,108
3214,Kevin,Herrera,108
3215,Christina,Hurley,108
3216,Renee,Allen,108
3217,Teresa,Powell,108
3218,Jennifer,Ferguson,108
3219,Daniel,Armstrong,108
3220,Michael,Wells,108
3221,Sarah,Henderson,108
3222,Christina,Mccoy,108
3223,Jamie,Page,108
3224,David,Evans,108
3225,Amber,Smith,108
3226,David,Terry,108
3227,Joan,Thomas,108
3228,Kayla,Parker,108
3229,George,Mendoza,108
3230,Kimberly,Vargas,108
3231,Daniel,Hayes,108
3232,Andrew,Ramirez,108
3233,Wesley,Kaufman,108
3234,Jesse,Baird,108
3235,Frank,Peters,108
3236,Shelby,Harrison,108
3237,Allison,Crane,108
3238,Lisa,Rhodes,108
3239,Hannah,Banks,108
3240,Teresa,Livingston,108
